team,season,reached_playoffs,reached_conf_finals,champion
WSC,1950,1,0,0
INO,1950,1,0,0
FTW,1950,1,0,0
MNL,1950,1,0,0
CHS,1950,1,0,0
ROC,1950,1,0,0
SHE,1950,1,0,0
TRI,1950,1,0,0
AND,1950,1,0,1
SYR,1950,1,0,0
NYK,1950,1,0,0
PHW,1950,1,0,0
INO,1951,1,0,0
FTW,1951,1,0,0
MNL,1951,1,0,0
ROC,1951,1,0,1
BOS,1951,1,0,0
SYR,1951,1,0,0
NYK,1951,1,0,0
PHW,1951,1,0,0
INO,1952,1,0,0
FTW,1952,1,0,0
MNL,1952,1,0,1
ROC,1952,1,0,0
BOS,1952,1,0,0
SYR,1952,1,0,0
NYK,1952,1,0,0
PHW,1952,1,0,0
INO,1953,1,0,0
FTW,1953,1,0,0
MNL,1953,1,0,1
ROC,1953,1,0,0
BOS,1953,1,0,0
BLB,1953,1,0,0
SYR,1953,1,0,0
NYK,1953,1,0,0
ROC,1954,1,0,0
SYR,1954,1,0,0
BOS,1954,1,0,0
MNL,1954,1,0,1
FTW,1955,1,0,1
MNL,1955,1,0,0
ROC,1955,1,0,0
BOS,1955,1,0,0
SYR,1955,1,0,0
NYK,1955,1,0,0
STL,1956,1,0,0
FTW,1956,1,0,1
MNL,1956,1,0,0
BOS,1956,1,0,0
SYR,1956,1,0,0
NYK,1956,1,0,0
PHW,1956,1,0,0
STL,1957,1,0,1
FTW,1957,1,0,0
MNL,1957,1,0,0
BOS,1957,1,0,0
SYR,1957,1,0,0
PHW,1957,1,0,0
CIN,1958,1,0,0
STL,1958,1,0,1
DET,1958,1,0,0
BOS,1958,1,0,0
SYR,1958,1,0,0
PHW,1958,1,0,0
STL,1959,1,0,0
MNL,1959,1,0,1
DET,1959,1,0,0
BOS,1959,1,0,0
SYR,1959,1,0,0
NYK,1959,1,0,0
STL,1960,1,0,1
MNL,1960,1,0,0
DET,1960,1,0,0
BOS,1960,1,0,0
SYR,1960,1,0,0
PHW,1960,1,0,0
STL,1961,1,0,1
LAL,1961,1,0,0
DET,1961,1,0,0
BOS,1961,1,0,0
SYR,1961,1,0,0
PHW,1961,1,0,0
CIN,1962,1,0,0
LAL,1962,1,0,1
DET,1962,1,0,0
BOS,1962,1,0,0
SYR,1962,1,0,0
PHW,1962,1,0,0
CIN,1963,1,0,0
STL,1963,1,0,0
LAL,1963,1,0,1
DET,1963,1,0,0
BOS,1963,1,0,0
SYR,1963,1,0,0
CIN,1964,1,0,0
STL,1964,1,0,0
LAL,1964,1,0,0
BOS,1964,1,0,0
SFW,1964,1,0,1
PHI,1964,1,0,0
BAL,1965,1,0,0
CIN,1965,1,0,0
STL,1965,1,0,0
LAL,1965,1,0,1
BOS,1965,1,0,0
PHI,1965,1,0,0
BAL,1966,1,0,0
CIN,1966,1,0,0
STL,1966,1,0,0
LAL,1966,1,0,1
BOS,1966,1,0,0
PHI,1966,1,0,0
CIN,1967,1,0,0
STL,1967,1,0,0
LAL,1967,1,0,0
PHI,1967,1,0,0
BOS,1967,1,0,0
SFW,1967,1,0,1
NYK,1967,1,0,0
CHI,1967,1,0,0
STL,1968,1,0,0
LAL,1968,1,0,1
PHI,1968,1,0,0
DET,1968,1,0,0
BOS,1968,1,0,0
SFW,1968,1,0,0
NYK,1968,1,0,0
CHI,1968,1,0,0
BAL,1969,1,0,0
ATL,1969,1,0,0
LAL,1969,1,0,1
SDR,1969,1,0,0
BOS,1969,1,0,0
SFW,1969,1,0,0
NYK,1969,1,0,0
PHI,1969,1,0,0
MIL,1970,1,0,0
BAL,1970,1,0,0
ATL,1970,1,0,0
LAL,1970,1,0,1
PHI,1970,1,0,0
PHO,1970,1,0,0
NYK,1970,1,0,0
CHI,1970,1,0,0
MIL,1971,1,1,1
BAL,1971,1,1,0
ATL,1971,1,0,0
LAL,1971,1,1,0
PHI,1971,1,0,0
SFW,1971,1,0,0
NYK,1971,1,1,0
CHI,1971,1,0,0
MIL,1972,1,1,0
BAL,1972,1,0,0
GSW,1972,1,0,0
ATL,1972,1,0,0
LAL,1972,1,1,1
BOS,1972,1,1,0
NYK,1972,1,1,0
CHI,1972,1,0,0
MIL,1973,1,0,0
BAL,1973,1,0,0
GSW,1973,1,1,0
ATL,1973,1,0,0
LAL,1973,1,1,0
BOS,1973,1,1,0
NYK,1973,1,1,1
CHI,1973,1,0,0
MIL,1974,1,1,0
LAL,1974,1,0,0
DET,1974,1,0,0
CAP,1974,1,0,0
BUF,1974,1,0,0
BOS,1974,1,1,1
NYK,1974,1,1,0
CHI,1974,1,1,0
SEA,1975,1,0,0
GSW,1975,1,1,1
DET,1975,1,0,0
WSB,1975,1,1,0
BUF,1975,1,0,0
BOS,1975,1,1,0
KCO,1975,1,0,0
HOU,1975,1,0,0
NYK,1975,1,0,0
CHI,1975,1,1,0
MIL,1976,1,0,0
SEA,1976,1,0,0
GSW,1976,1,1,0
DET,1976,1,0,0
WSB,1976,1,0,0
CLE,1976,1,1,0
BUF,1976,1,0,0
BOS,1976,1,1,1
PHO,1976,1,1,0
PHI,1976,1,0,0
SAS,1977,1,0,0
POR,1977,1,1,1
GSW,1977,1,0,0
LAL,1977,1,1,0
PHI,1977,1,1,0
DET,1977,1,0,0
WSB,1977,1,0,0
CLE,1977,1,0,0
BOS,1977,1,0,0
DEN,1977,1,0,0
HOU,1977,1,1,0
CHI,1977,1,0,0
MIL,1978,1,0,0
SAS,1978,1,0,0
SEA,1978,1,1,0
POR,1978,1,0,0
ATL,1978,1,0,0
LAL,1978,1,0,0
WSB,1978,1,1,1
CLE,1978,1,0,0
PHO,1978,1,0,0
DEN,1978,1,1,0
NYK,1978,1,0,0
PHI,1978,1,1,0
SAS,1979,1,1,0
SEA,1979,1,1,1
POR,1979,1,0,0
KCK,1979,1,0,0
ATL,1979,1,0,0
NJN,1979,1,0,0
LAL,1979,1,0,0
WSB,1979,1,1,0
PHO,1979,1,1,0
DEN,1979,1,0,0
HOU,1979,1,0,0
PHI,1979,1,0,0
MIL,1980,1,0,0
SAS,1980,1,0,0
SEA,1980,1,1,0
POR,1980,1,0,0
KCK,1980,1,0,0
ATL,1980,1,0,0
LAL,1980,1,1,1
WSB,1980,1,0,0
BOS,1980,1,1,0
PHO,1980,1,0,0
HOU,1980,1,0,0
PHI,1980,1,1,0
MIL,1981,1,0,0
SAS,1981,1,0,0
POR,1981,1,0,0
KCK,1981,1,1,0
LAL,1981,1,0,0
PHI,1981,1,1,0
BOS,1981,1,1,1
PHO,1981,1,0,0
NYK,1981,1,0,0
HOU,1981,1,1,0
IND,1981,1,0,0
CHI,1981,1,0,0
MIL,1982,1,0,0
SAS,1982,1,1,0
SEA,1982,1,0,0
ATL,1982,1,0,0
NJN,1982,1,0,0
LAL,1982,1,1,1
WSB,1982,1,0,0
BOS,1982,1,1,0
PHO,1982,1,0,0
DEN,1982,1,0,0
HOU,1982,1,0,0
PHI,1982,1,1,0
MIL,1983,1,1,0
SAS,1983,1,1,0
SEA,1983,1,0,0
POR,1983,1,0,0
ATL,1983,1,0,0
NJN,1983,1,0,0
LAL,1983,1,1,0
BOS,1983,1,0,0
PHO,1983,1,0,0
DEN,1983,1,0,0
NYK,1983,1,0,0
PHI,1983,1,1,1
MIL,1984,1,1,0
SEA,1984,1,0,0
DAL,1984,1,0,0
POR,1984,1,0,0
KCK,1984,1,0,0
ATL,1984,1,0,0
NJN,1984,1,0,0
LAL,1984,1,1,0
DET,1984,1,0,0
WSB,1984,1,0,0
BOS,1984,1,1,1
PHO,1984,1,1,0
DEN,1984,1,0,0
NYK,1984,1,0,0
PHI,1984,1,0,0
UTA,1984,1,0,0
MIL,1985,1,0,0
SAS,1985,1,0,0
DAL,1985,1,0,0
POR,1985,1,0,0
NJN,1985,1,0,0
LAL,1985,1,1,1
PHI,1985,1,1,0
DET,1985,1,0,0
WSB,1985,1,0,0
CLE,1985,1,0,0
BOS,1985,1,1,0
DEN,1985,1,1,0
PHO,1985,1,0,0
HOU,1985,1,0,0
CHI,1985,1,0,0
UTA,1985,1,0,0
MIL,1986,1,1,0
SAS,1986,1,0,0
DAL,1986,1,0,0
POR,1986,1,0,0
ATL,1986,1,0,0
NJN,1986,1,0,0
LAL,1986,1,1,0
PHI,1986,1,0,0
DET,1986,1,0,0
WSB,1986,1,0,0
BOS,1986,1,1,1
DEN,1986,1,0,0
SAC,1986,1,0,0
HOU,1986,1,1,0
CHI,1986,1,0,0
UTA,1986,1,0,0
MIL,1987,1,0,0
SEA,1987,1,1,0
DAL,1987,1,0,0
POR,1987,1,0,0
GSW,1987,1,0,0
ATL,1987,1,0,0
LAL,1987,1,1,1
PHI,1987,1,0,0
DET,1987,1,1,0
WSB,1987,1,0,0
BOS,1987,1,1,0
DEN,1987,1,0,0
HOU,1987,1,0,0
IND,1987,1,0,0
CHI,1987,1,0,0
UTA,1987,1,0,0
MIL,1988,1,0,0
SAS,1988,1,0,0
SEA,1988,1,0,0
DAL,1988,1,1,0
POR,1988,1,0,0
ATL,1988,1,0,0
LAL,1988,1,1,1
DET,1988,1,1,0
WSB,1988,1,0,0
CLE,1988,1,0,0
BOS,1988,1,1,0
DEN,1988,1,0,0
HOU,1988,1,0,0
NYK,1988,1,0,0
CHI,1988,1,0,0
UTA,1988,1,0,0
MIL,1989,1,0,0
SEA,1989,1,0,0
POR,1989,1,0,0
GSW,1989,1,0,0
ATL,1989,1,0,0
LAL,1989,1,1,0
PHI,1989,1,0,0
DET,1989,1,1,1
CLE,1989,1,0,0
BOS,1989,1,0,0
DEN,1989,1,0,0
PHO,1989,1,1,0
HOU,1989,1,0,0
NYK,1989,1,0,0
CHI,1989,1,1,0
UTA,1989,1,0,0
MIL,1990,1,0,0
SAS,1990,1,0,0
DAL,1990,1,0,0
POR,1990,1,1,0
LAL,1990,1,0,0
PHI,1990,1,0,0
NYK,1990,1,0,0
DET,1990,1,1,1
CLE,1990,1,0,0
BOS,1990,1,0,0
DEN,1990,1,0,0
PHO,1990,1,1,0
HOU,1990,1,0,0
IND,1990,1,0,0
CHI,1990,1,1,0
UTA,1990,1,0,0
MIL,1991,1,0,0
SAS,1991,1,0,0
SEA,1991,1,0,0
POR,1991,1,1,0
GSW,1991,1,0,0
ATL,1991,1,0,0
LAL,1991,1,1,0
PHI,1991,1,0,0
DET,1991,1,1,0
BOS,1991,1,0,0
PHO,1991,1,0,0
NYK,1991,1,0,0
HOU,1991,1,0,0
IND,1991,1,0,0
CHI,1991,1,1,1
UTA,1991,1,0,0
MIA,1992,1,0,0
SAS,1992,1,0,0
SEA,1992,1,0,0
POR,1992,1,1,0
GSW,1992,1,0,0
LAC,1992,1,0,0
NJN,1992,1,0,0
LAL,1992,1,0,0
DET,1992,1,0,0
CLE,1992,1,1,0
BOS,1992,1,0,0
PHO,1992,1,0,0
NYK,1992,1,0,0
IND,1992,1,0,0
CHI,1992,1,1,1
UTA,1992,1,1,0
SAS,1993,1,0,0
SEA,1993,1,1,0
CHH,1993,1,0,0
POR,1993,1,0,0
LAC,1993,1,0,0
ATL,1993,1,0,0
NJN,1993,1,0,0
LAL,1993,1,0,0
CLE,1993,1,0,0
BOS,1993,1,0,0
PHO,1993,1,1,0
NYK,1993,1,1,0
HOU,1993,1,0,0
IND,1993,1,0,0
CHI,1993,1,1,1
UTA,1993,1,0,0
MIA,1994,1,0,0
SAS,1994,1,0,0
SEA,1994,1,0,0
POR,1994,1,0,0
GSW,1994,1,0,0
ATL,1994,1,0,0
NJN,1994,1,0,0
NYK,1994,1,1,0
CLE,1994,1,0,0
PHO,1994,1,0,0
DEN,1994,1,0,0
HOU,1994,1,1,1
IND,1994,1,1,0
ORL,1994,1,0,0
CHI,1994,1,0,0
UTA,1994,1,1,0
SAS,1995,1,1,0
SEA,1995,1,0,0
CHH,1995,1,0,0
POR,1995,1,0,0
ATL,1995,1,0,0
LAL,1995,1,0,0
NYK,1995,1,0,0
CLE,1995,1,0,0
BOS,1995,1,0,0
PHO,1995,1,0,0
DEN,1995,1,0,0
HOU,1995,1,1,1
IND,1995,1,1,0
ORL,1995,1,1,0
CHI,1995,1,0,0
UTA,1995,1,0,0
MIA,1996,1,0,0
SAS,1996,1,0,0
SEA,1996,1,1,0
POR,1996,1,0,0
ATL,1996,1,0,0
LAL,1996,1,0,0
DET,1996,1,0,0
CLE,1996,1,0,0
PHO,1996,1,0,0
NYK,1996,1,0,0
SAC,1996,1,0,0
HOU,1996,1,0,0
IND,1996,1,0,0
ORL,1996,1,1,0
CHI,1996,1,1,1
UTA,1996,1,1,0
MIA,1997,1,1,0
SEA,1997,1,0,0
CHH,1997,1,0,0
POR,1997,1,0,0
LAC,1997,1,0,0
ATL,1997,1,0,0
MIN,1997,1,0,0
LAL,1997,1,0,0
DET,1997,1,0,0
WSB,1997,1,0,0
PHO,1997,1,0,0
HOU,1997,1,1,0
NYK,1997,1,0,0
ORL,1997,1,0,0
CHI,1997,1,1,1
UTA,1997,1,1,0
MIA,1998,1,0,0
SAS,1998,1,0,0
SEA,1998,1,0,0
CHH,1998,1,0,0
POR,1998,1,0,0
ATL,1998,1,0,0
NJN,1998,1,0,0
MIN,1998,1,0,0
LAL,1998,1,1,0
CLE,1998,1,0,0
PHO,1998,1,0,0
NYK,1998,1,0,0
HOU,1998,1,0,0
IND,1998,1,1,0
CHI,1998,1,1,1
UTA,1998,1,1,0
MIL,1999,1,0,0
MIA,1999,1,0,0
SAS,1999,1,1,1
POR,1999,1,1,0
ATL,1999,1,0,0
MIN,1999,1,0,0
LAL,1999,1,0,0
SAC,1999,1,0,0
DET,1999,1,0,0
PHO,1999,1,0,0
NYK,1999,1,1,0
HOU,1999,1,0,0
IND,1999,1,1,0
ORL,1999,1,0,0
PHI,1999,1,0,0
UTA,1999,1,0,0
MIL,2000,1,0,0
MIA,2000,1,0,0
SAS,2000,1,0,0
SEA,2000,1,0,0
CHH,2000,1,0,0
POR,2000,1,1,0
MIN,2000,1,0,0
LAL,2000,1,1,1
DET,2000,1,0,0
PHO,2000,1,0,0
NYK,2000,1,1,0
SAC,2000,1,0,0
IND,2000,1,1,0
TOR,2000,1,0,0
PHI,2000,1,0,0
UTA,2000,1,0,0
MIL,2001,1,1,0
MIA,2001,1,0,0
SAS,2001,1,1,0
CHH,2001,1,0,0
DAL,2001,1,0,0
POR,2001,1,0,0
ORL,2001,1,0,0
MIN,2001,1,0,0
LAL,2001,1,1,1
PHO,2001,1,0,0
NYK,2001,1,0,0
SAC,2001,1,0,0
IND,2001,1,0,0
TOR,2001,1,0,0
PHI,2001,1,1,0
UTA,2001,1,0,0
SAS,2002,1,0,0
SEA,2002,1,0,0
DAL,2002,1,0,0
POR,2002,1,0,0
ORL,2002,1,0,0
NJN,2002,1,1,0
CHH,2002,1,0,0
MIN,2002,1,0,0
LAL,2002,1,1,1
DET,2002,1,0,0
BOS,2002,1,1,0
SAC,2002,1,1,0
IND,2002,1,0,0
TOR,2002,1,0,0
PHI,2002,1,0,0
UTA,2002,1,0,0
IND,2003,1,0,0
MIL,2003,1,0,0
SAS,2003,1,1,1
DAL,2003,1,1,0
POR,2003,1,0,0
NJN,2003,1,1,0
MIN,2003,1,0,0
LAL,2003,1,0,0
DET,2003,1,1,0
BOS,2003,1,0,0
PHO,2003,1,0,0
SAC,2003,1,0,0
NOH,2003,1,0,0
ORL,2003,1,0,0
PHI,2003,1,0,0
UTA,2003,1,0,0
IND,2004,1,1,0
MIL,2004,1,0,0
MIA,2004,1,0,0
SAS,2004,1,0,0
DAL,2004,1,0,0
NJN,2004,1,0,0
MIN,2004,1,1,0
LAL,2004,1,1,0
DET,2004,1,1,1
BOS,2004,1,0,0
DEN,2004,1,0,0
NYK,2004,1,0,0
SAC,2004,1,0,0
HOU,2004,1,0,0
MEM,2004,1,0,0
NOH,2004,1,0,0
MIA,2005,1,1,0
SAS,2005,1,1,1
SEA,2005,1,0,0
DAL,2005,1,0,0
NJN,2005,1,0,0
PHI,2005,1,0,0
SAC,2005,1,0,0
DET,2005,1,1,0
BOS,2005,1,0,0
DEN,2005,1,0,0
PHO,2005,1,1,0
HOU,2005,1,0,0
WAS,2005,1,0,0
MEM,2005,1,0,0
IND,2005,1,0,0
CHI,2005,1,0,0
MIL,2006,1,0,0
MIA,2006,1,1,1
SAS,2006,1,0,0
DAL,2006,1,1,0
LAC,2006,1,0,0
NJN,2006,1,0,0
LAL,2006,1,0,0
SAC,2006,1,0,0
DET,2006,1,1,0
CLE,2006,1,0,0
DEN,2006,1,0,0
PHO,2006,1,1,0
WAS,2006,1,0,0
MEM,2006,1,0,0
IND,2006,1,0,0
CHI,2006,1,0,0
MIA,2007,1,0,0
SAS,2007,1,1,1
DAL,2007,1,0,0
ORL,2007,1,0,0
GSW,2007,1,0,0
NJN,2007,1,0,0
LAL,2007,1,0,0
DET,2007,1,1,0
CLE,2007,1,1,0
PHO,2007,1,0,0
DEN,2007,1,0,0
WAS,2007,1,0,0
HOU,2007,1,0,0
TOR,2007,1,0,0
CHI,2007,1,0,0
UTA,2007,1,1,0
SAS,2008,1,1,0
DAL,2008,1,0,0
ORL,2008,1,0,0
ATL,2008,1,0,0
LAL,2008,1,1,0
DET,2008,1,1,0
CLE,2008,1,0,0
BOS,2008,1,1,1
DEN,2008,1,0,0
PHO,2008,1,0,0
HOU,2008,1,0,0
WAS,2008,1,0,0
NOH,2008,1,0,0
TOR,2008,1,0,0
PHI,2008,1,0,0
UTA,2008,1,0,0
MIA,2009,1,0,0
SAS,2009,1,0,0
DAL,2009,1,0,0
POR,2009,1,0,0
ATL,2009,1,0,0
LAL,2009,1,1,1
PHI,2009,1,0,0
DET,2009,1,0,0
CLE,2009,1,1,0
BOS,2009,1,0,0
DEN,2009,1,1,0
HOU,2009,1,0,0
NOH,2009,1,0,0
ORL,2009,1,1,0
CHI,2009,1,0,0
UTA,2009,1,0,0
MIL,2010,1,0,0
MIA,2010,1,0,0
SAS,2010,1,0,0
DAL,2010,1,0,0
POR,2010,1,0,0
OKC,2010,1,0,0
ATL,2010,1,0,0
LAL,2010,1,1,1
CLE,2010,1,0,0
BOS,2010,1,1,0
PHO,2010,1,1,0
CHA,2010,1,0,0
DEN,2010,1,0,0
ORL,2010,1,1,0
CHI,2010,1,0,0
UTA,2010,1,0,0
IND,2011,1,0,0
MIA,2011,1,1,0
SAS,2011,1,0,0
DAL,2011,1,1,1
POR,2011,1,0,0
OKC,2011,1,1,0
ATL,2011,1,0,0
LAL,2011,1,0,0
PHI,2011,1,0,0
BOS,2011,1,0,0
DEN,2011,1,0,0
NYK,2011,1,0,0
MEM,2011,1,0,0
NOH,2011,1,0,0
ORL,2011,1,0,0
CHI,2011,1,1,0
MIA,2012,1,1,1
SAS,2012,1,1,0
DAL,2012,1,0,0
OKC,2012,1,1,0
LAC,2012,1,0,0
ATL,2012,1,0,0
LAL,2012,1,0,0
PHI,2012,1,0,0
BOS,2012,1,1,0
DEN,2012,1,0,0
NYK,2012,1,0,0
MEM,2012,1,0,0
IND,2012,1,0,0
ORL,2012,1,0,0
CHI,2012,1,0,0
UTA,2012,1,0,0
MIL,2013,1,0,0
BRK,2013,1,0,0
SAS,2013,1,1,0
MIA,2013,1,1,1
OKC,2013,1,0,0
LAC,2013,1,0,0
GSW,2013,1,0,0
ATL,2013,1,0,0
LAL,2013,1,0,0
BOS,2013,1,0,0
DEN,2013,1,0,0
NYK,2013,1,0,0
HOU,2013,1,0,0
MEM,2013,1,1,0
IND,2013,1,1,0
CHI,2013,1,0,0
BRK,2014,1,0,0
MIA,2014,1,1,0
SAS,2014,1,1,1
DAL,2014,1,0,0
POR,2014,1,0,0
OKC,2014,1,1,0
LAC,2014,1,0,0
GSW,2014,1,0,0
ATL,2014,1,0,0
CHA,2014,1,0,0
WAS,2014,1,0,0
HOU,2014,1,0,0
MEM,2014,1,0,0
IND,2014,1,1,0
TOR,2014,1,0,0
CHI,2014,1,0,0
MIL,2015,1,0,0
BRK,2015,1,0,0
SAS,2015,1,0,0
DAL,2015,1,0,0
POR,2015,1,0,0
GSW,2015,1,1,1
LAC,2015,1,0,0
ATL,2015,1,1,0
CLE,2015,1,1,0
BOS,2015,1,0,0
WAS,2015,1,0,0
NOP,2015,1,0,0
HOU,2015,1,1,0
MEM,2015,1,0,0
TOR,2015,1,0,0
CHI,2015,1,0,0
MIA,2016,1,0,0
SAS,2016,1,0,0
DAL,2016,1,0,0
POR,2016,1,0,0
GSW,2016,1,1,0
LAC,2016,1,0,0
OKC,2016,1,1,0
ATL,2016,1,0,0
CHO,2016,1,0,0
DET,2016,1,0,0
CLE,2016,1,1,1
BOS,2016,1,0,0
HOU,2016,1,0,0
MEM,2016,1,0,0
IND,2016,1,0,0
TOR,2016,1,1,0
MIL,2017,1,0,0
SAS,2017,1,1,0
POR,2017,1,0,0
GSW,2017,1,1,1
LAC,2017,1,0,0
OKC,2017,1,0,0
ATL,2017,1,0,0
CLE,2017,1,1,0
BOS,2017,1,1,0
WAS,2017,1,0,0
HOU,2017,1,0,0
MEM,2017,1,0,0
IND,2017,1,0,0
TOR,2017,1,0,0
CHI,2017,1,0,0
UTA,2017,1,0,0
MIL,2018,1,0,0
MIA,2018,1,0,0
SAS,2018,1,0,0
POR,2018,1,0,0
GSW,2018,1,1,1
OKC,2018,1,0,0
MIN,2018,1,0,0
CLE,2018,1,1,0
BOS,2018,1,1,0
WAS,2018,1,0,0
NOP,2018,1,0,0
HOU,2018,1,1,0
IND,2018,1,0,0
TOR,2018,1,0,0
PHI,2018,1,0,0
UTA,2018,1,0,0
MIL,2019,1,1,0
BRK,2019,1,0,0
SAS,2019,1,0,0
POR,2019,1,1,0
OKC,2019,1,0,0
LAC,2019,1,0,0
GSW,2019,1,1,0
TOR,2019,1,1,1
DET,2019,1,0,0
BOS,2019,1,0,0
DEN,2019,1,0,0
HOU,2019,1,0,0
IND,2019,1,0,0
ORL,2019,1,0,0
PHI,2019,1,0,0
UTA,2019,1,0,0
MIL,2020,1,0,0
BRK,2020,1,0,0
MIA,2020,1,1,0
DAL,2020,1,0,0
POR,2020,1,0,0
OKC,2020,1,0,0
LAC,2020,1,0,0
TOR,2020,1,0,0
LAL,2020,1,1,1
BOS,2020,1,1,0
DEN,2020,1,1,0
HOU,2020,1,0,0
IND,2020,1,0,0
ORL,2020,1,0,0
PHI,2020,1,0,0
UTA,2020,1,0,0
MIL,2021,1,1,1
BRK,2021,1,0,0
MIA,2021,1,0,0
DAL,2021,1,0,0
POR,2021,1,0,0
LAC,2021,1,1,0
ATL,2021,1,1,0
LAL,2021,1,0,0
BOS,2021,1,0,0
DEN,2021,1,0,0
PHO,2021,1,1,0
WAS,2021,1,0,0
MEM,2021,1,0,0
NYK,2021,1,0,0
PHI,2021,1,0,0
UTA,2021,1,0,0
MIL,2022,1,0,0
BRK,2022,1,0,0
MIA,2022,1,1,0
DAL,2022,1,1,0
GSW,2022,1,1,1
ATL,2022,1,0,0
MIN,2022,1,0,0
PHI,2022,1,0,0
BOS,2022,1,1,0
PHO,2022,1,0,0
DEN,2022,1,0,0
NOP,2022,1,0,0
MEM,2022,1,0,0
TOR,2022,1,0,0
CHI,2022,1,0,0
UTA,2022,1,0,0
MIL,2023,1,0,0
BRK,2023,1,0,0
MIA,2023,1,1,0
GSW,2023,1,0,0
LAC,2023,1,0,0
ATL,2023,1,0,0
MIN,2023,1,0,0
LAL,2023,1,1,0
CLE,2023,1,0,0
BOS,2023,1,1,0
DEN,2023,1,1,1
PHO,2023,1,0,0
SAC,2023,1,0,0
MEM,2023,1,0,0
NYK,2023,1,0,0
PHI,2023,1,0,0
MIL,2024,1,0,0
MIA,2024,1,0,0
DAL,2024,1,1,0
OKC,2024,1,0,0
LAC,2024,1,0,0
MIN,2024,1,1,0
LAL,2024,1,0,0
NYK,2024,1,0,0
CLE,2024,1,0,0
BOS,2024,1,1,1
DEN,2024,1,0,0
PHO,2024,1,0,0
NOP,2024,1,0,0
IND,2024,1,1,0
ORL,2024,1,0,0
PHI,2024,1,0,0
MIL,2025,1,0,0
MIA,2025,1,0,0
OKC,2025,1,1,1
LAC,2025,1,0,0
GSW,2025,1,0,0
MIN,2025,1,1,0
LAL,2025,1,0,0
DET,2025,1,0,0
CLE,2025,1,0,0
BOS,2025,1,0,0
DEN,2025,1,0,0
NYK,2025,1,1,0
HOU,2025,1,0,0
MEM,2025,1,0,0
IND,2025,1,1,0
ORL,2025,1,0,0
BOS,1950,0,0,0
BLB,1950,0,0,0
STL,1950,0,0,0
CIN,1950,0,0,0
DET,1950,0,0,0
LAL,1950,0,0,0
SFW,1950,0,0,0
PHI,1950,0,0,0
BAL,1950,0,0,0
CHI,1950,0,0,0
ATL,1950,0,0,0
SDR,1950,0,0,0
MIL,1950,0,0,0
PHO,1950,0,0,0
GSW,1950,0,0,0
CAP,1950,0,0,0
BUF,1950,0,0,0
SEA,1950,0,0,0
WSB,1950,0,0,0
KCO,1950,0,0,0
HOU,1950,0,0,0
CLE,1950,0,0,0
SAS,1950,0,0,0
POR,1950,0,0,0
DEN,1950,0,0,0
KCK,1950,0,0,0
NJN,1950,0,0,0
IND,1950,0,0,0
DAL,1950,0,0,0
UTA,1950,0,0,0
SAC,1950,0,0,0
MIA,1950,0,0,0
LAC,1950,0,0,0
CHH,1950,0,0,0
ORL,1950,0,0,0
MIN,1950,0,0,0
TOR,1950,0,0,0
NOH,1950,0,0,0
MEM,1950,0,0,0
WAS,1950,0,0,0
OKC,1950,0,0,0
CHA,1950,0,0,0
BRK,1950,0,0,0
NOP,1950,0,0,0
CHO,1950,0,0,0
WSC,1951,0,0,0
CHS,1951,0,0,0
SHE,1951,0,0,0
TRI,1951,0,0,0
AND,1951,0,0,0
BLB,1951,0,0,0
STL,1951,0,0,0
CIN,1951,0,0,0
DET,1951,0,0,0
LAL,1951,0,0,0
SFW,1951,0,0,0
PHI,1951,0,0,0
BAL,1951,0,0,0
CHI,1951,0,0,0
ATL,1951,0,0,0
SDR,1951,0,0,0
MIL,1951,0,0,0
PHO,1951,0,0,0
GSW,1951,0,0,0
CAP,1951,0,0,0
BUF,1951,0,0,0
SEA,1951,0,0,0
WSB,1951,0,0,0
KCO,1951,0,0,0
HOU,1951,0,0,0
CLE,1951,0,0,0
SAS,1951,0,0,0
POR,1951,0,0,0
DEN,1951,0,0,0
KCK,1951,0,0,0
NJN,1951,0,0,0
IND,1951,0,0,0
DAL,1951,0,0,0
UTA,1951,0,0,0
SAC,1951,0,0,0
MIA,1951,0,0,0
LAC,1951,0,0,0
CHH,1951,0,0,0
ORL,1951,0,0,0
MIN,1951,0,0,0
TOR,1951,0,0,0
NOH,1951,0,0,0
MEM,1951,0,0,0
WAS,1951,0,0,0
OKC,1951,0,0,0
CHA,1951,0,0,0
BRK,1951,0,0,0
NOP,1951,0,0,0
CHO,1951,0,0,0
WSC,1952,0,0,0
CHS,1952,0,0,0
SHE,1952,0,0,0
TRI,1952,0,0,0
AND,1952,0,0,0
BLB,1952,0,0,0
STL,1952,0,0,0
CIN,1952,0,0,0
DET,1952,0,0,0
LAL,1952,0,0,0
SFW,1952,0,0,0
PHI,1952,0,0,0
BAL,1952,0,0,0
CHI,1952,0,0,0
ATL,1952,0,0,0
SDR,1952,0,0,0
MIL,1952,0,0,0
PHO,1952,0,0,0
GSW,1952,0,0,0
CAP,1952,0,0,0
BUF,1952,0,0,0
SEA,1952,0,0,0
WSB,1952,0,0,0
KCO,1952,0,0,0
HOU,1952,0,0,0
CLE,1952,0,0,0
SAS,1952,0,0,0
POR,1952,0,0,0
DEN,1952,0,0,0
KCK,1952,0,0,0
NJN,1952,0,0,0
IND,1952,0,0,0
DAL,1952,0,0,0
UTA,1952,0,0,0
SAC,1952,0,0,0
MIA,1952,0,0,0
LAC,1952,0,0,0
CHH,1952,0,0,0
ORL,1952,0,0,0
MIN,1952,0,0,0
TOR,1952,0,0,0
NOH,1952,0,0,0
MEM,1952,0,0,0
WAS,1952,0,0,0
OKC,1952,0,0,0
CHA,1952,0,0,0
BRK,1952,0,0,0
NOP,1952,0,0,0
CHO,1952,0,0,0
WSC,1953,0,0,0
CHS,1953,0,0,0
SHE,1953,0,0,0
TRI,1953,0,0,0
AND,1953,0,0,0
PHW,1953,0,0,0
STL,1953,0,0,0
CIN,1953,0,0,0
DET,1953,0,0,0
LAL,1953,0,0,0
SFW,1953,0,0,0
PHI,1953,0,0,0
BAL,1953,0,0,0
CHI,1953,0,0,0
ATL,1953,0,0,0
SDR,1953,0,0,0
MIL,1953,0,0,0
PHO,1953,0,0,0
GSW,1953,0,0,0
CAP,1953,0,0,0
BUF,1953,0,0,0
SEA,1953,0,0,0
WSB,1953,0,0,0
KCO,1953,0,0,0
HOU,1953,0,0,0
CLE,1953,0,0,0
SAS,1953,0,0,0
POR,1953,0,0,0
DEN,1953,0,0,0
KCK,1953,0,0,0
NJN,1953,0,0,0
IND,1953,0,0,0
DAL,1953,0,0,0
UTA,1953,0,0,0
SAC,1953,0,0,0
MIA,1953,0,0,0
LAC,1953,0,0,0
CHH,1953,0,0,0
ORL,1953,0,0,0
MIN,1953,0,0,0
TOR,1953,0,0,0
NOH,1953,0,0,0
MEM,1953,0,0,0
WAS,1953,0,0,0
OKC,1953,0,0,0
CHA,1953,0,0,0
BRK,1953,0,0,0
NOP,1953,0,0,0
CHO,1953,0,0,0
WSC,1954,0,0,0
INO,1954,0,0,0
FTW,1954,0,0,0
CHS,1954,0,0,0
SHE,1954,0,0,0
TRI,1954,0,0,0
AND,1954,0,0,0
NYK,1954,0,0,0
PHW,1954,0,0,0
BLB,1954,0,0,0
STL,1954,0,0,0
CIN,1954,0,0,0
DET,1954,0,0,0
LAL,1954,0,0,0
SFW,1954,0,0,0
PHI,1954,0,0,0
BAL,1954,0,0,0
CHI,1954,0,0,0
ATL,1954,0,0,0
SDR,1954,0,0,0
MIL,1954,0,0,0
PHO,1954,0,0,0
GSW,1954,0,0,0
CAP,1954,0,0,0
BUF,1954,0,0,0
SEA,1954,0,0,0
WSB,1954,0,0,0
KCO,1954,0,0,0
HOU,1954,0,0,0
CLE,1954,0,0,0
SAS,1954,0,0,0
POR,1954,0,0,0
DEN,1954,0,0,0
KCK,1954,0,0,0
NJN,1954,0,0,0
IND,1954,0,0,0
DAL,1954,0,0,0
UTA,1954,0,0,0
SAC,1954,0,0,0
MIA,1954,0,0,0
LAC,1954,0,0,0
CHH,1954,0,0,0
ORL,1954,0,0,0
MIN,1954,0,0,0
TOR,1954,0,0,0
NOH,1954,0,0,0
MEM,1954,0,0,0
WAS,1954,0,0,0
OKC,1954,0,0,0
CHA,1954,0,0,0
BRK,1954,0,0,0
NOP,1954,0,0,0
CHO,1954,0,0,0
WSC,1955,0,0,0
INO,1955,0,0,0
CHS,1955,0,0,0
SHE,1955,0,0,0
TRI,1955,0,0,0
AND,1955,0,0,0
PHW,1955,0,0,0
BLB,1955,0,0,0
STL,1955,0,0,0
CIN,1955,0,0,0
DET,1955,0,0,0
LAL,1955,0,0,0
SFW,1955,0,0,0
PHI,1955,0,0,0
BAL,1955,0,0,0
CHI,1955,0,0,0
ATL,1955,0,0,0
SDR,1955,0,0,0
MIL,1955,0,0,0
PHO,1955,0,0,0
GSW,1955,0,0,0
CAP,1955,0,0,0
BUF,1955,0,0,0
SEA,1955,0,0,0
WSB,1955,0,0,0
KCO,1955,0,0,0
HOU,1955,0,0,0
CLE,1955,0,0,0
SAS,1955,0,0,0
POR,1955,0,0,0
DEN,1955,0,0,0
KCK,1955,0,0,0
NJN,1955,0,0,0
IND,1955,0,0,0
DAL,1955,0,0,0
UTA,1955,0,0,0
SAC,1955,0,0,0
MIA,1955,0,0,0
LAC,1955,0,0,0
CHH,1955,0,0,0
ORL,1955,0,0,0
MIN,1955,0,0,0
TOR,1955,0,0,0
NOH,1955,0,0,0
MEM,1955,0,0,0
WAS,1955,0,0,0
OKC,1955,0,0,0
CHA,1955,0,0,0
BRK,1955,0,0,0
NOP,1955,0,0,0
CHO,1955,0,0,0
WSC,1956,0,0,0
INO,1956,0,0,0
CHS,1956,0,0,0
ROC,1956,0,0,0
SHE,1956,0,0,0
TRI,1956,0,0,0
AND,1956,0,0,0
BLB,1956,0,0,0
CIN,1956,0,0,0
DET,1956,0,0,0
LAL,1956,0,0,0
SFW,1956,0,0,0
PHI,1956,0,0,0
BAL,1956,0,0,0
CHI,1956,0,0,0
ATL,1956,0,0,0
SDR,1956,0,0,0
MIL,1956,0,0,0
PHO,1956,0,0,0
GSW,1956,0,0,0
CAP,1956,0,0,0
BUF,1956,0,0,0
SEA,1956,0,0,0
WSB,1956,0,0,0
KCO,1956,0,0,0
HOU,1956,0,0,0
CLE,1956,0,0,0
SAS,1956,0,0,0
POR,1956,0,0,0
DEN,1956,0,0,0
KCK,1956,0,0,0
NJN,1956,0,0,0
IND,1956,0,0,0
DAL,1956,0,0,0
UTA,1956,0,0,0
SAC,1956,0,0,0
MIA,1956,0,0,0
LAC,1956,0,0,0
CHH,1956,0,0,0
ORL,1956,0,0,0
MIN,1956,0,0,0
TOR,1956,0,0,0
NOH,1956,0,0,0
MEM,1956,0,0,0
WAS,1956,0,0,0
OKC,1956,0,0,0
CHA,1956,0,0,0
BRK,1956,0,0,0
NOP,1956,0,0,0
CHO,1956,0,0,0
WSC,1957,0,0,0
INO,1957,0,0,0
CHS,1957,0,0,0
ROC,1957,0,0,0
SHE,1957,0,0,0
TRI,1957,0,0,0
AND,1957,0,0,0
NYK,1957,0,0,0
BLB,1957,0,0,0
CIN,1957,0,0,0
DET,1957,0,0,0
LAL,1957,0,0,0
SFW,1957,0,0,0
PHI,1957,0,0,0
BAL,1957,0,0,0
CHI,1957,0,0,0
ATL,1957,0,0,0
SDR,1957,0,0,0
MIL,1957,0,0,0
PHO,1957,0,0,0
GSW,1957,0,0,0
CAP,1957,0,0,0
BUF,1957,0,0,0
SEA,1957,0,0,0
WSB,1957,0,0,0
KCO,1957,0,0,0
HOU,1957,0,0,0
CLE,1957,0,0,0
SAS,1957,0,0,0
POR,1957,0,0,0
DEN,1957,0,0,0
KCK,1957,0,0,0
NJN,1957,0,0,0
IND,1957,0,0,0
DAL,1957,0,0,0
UTA,1957,0,0,0
SAC,1957,0,0,0
MIA,1957,0,0,0
LAC,1957,0,0,0
CHH,1957,0,0,0
ORL,1957,0,0,0
MIN,1957,0,0,0
TOR,1957,0,0,0
NOH,1957,0,0,0
MEM,1957,0,0,0
WAS,1957,0,0,0
OKC,1957,0,0,0
CHA,1957,0,0,0
BRK,1957,0,0,0
NOP,1957,0,0,0
CHO,1957,0,0,0
WSC,1958,0,0,0
INO,1958,0,0,0
FTW,1958,0,0,0
MNL,1958,0,0,0
CHS,1958,0,0,0
ROC,1958,0,0,0
SHE,1958,0,0,0
TRI,1958,0,0,0
AND,1958,0,0,0
NYK,1958,0,0,0
BLB,1958,0,0,0
LAL,1958,0,0,0
SFW,1958,0,0,0
PHI,1958,0,0,0
BAL,1958,0,0,0
CHI,1958,0,0,0
ATL,1958,0,0,0
SDR,1958,0,0,0
MIL,1958,0,0,0
PHO,1958,0,0,0
GSW,1958,0,0,0
CAP,1958,0,0,0
BUF,1958,0,0,0
SEA,1958,0,0,0
WSB,1958,0,0,0
KCO,1958,0,0,0
HOU,1958,0,0,0
CLE,1958,0,0,0
SAS,1958,0,0,0
POR,1958,0,0,0
DEN,1958,0,0,0
KCK,1958,0,0,0
NJN,1958,0,0,0
IND,1958,0,0,0
DAL,1958,0,0,0
UTA,1958,0,0,0
SAC,1958,0,0,0
MIA,1958,0,0,0
LAC,1958,0,0,0
CHH,1958,0,0,0
ORL,1958,0,0,0
MIN,1958,0,0,0
TOR,1958,0,0,0
NOH,1958,0,0,0
MEM,1958,0,0,0
WAS,1958,0,0,0
OKC,1958,0,0,0
CHA,1958,0,0,0
BRK,1958,0,0,0
NOP,1958,0,0,0
CHO,1958,0,0,0
WSC,1959,0,0,0
INO,1959,0,0,0
FTW,1959,0,0,0
CHS,1959,0,0,0
ROC,1959,0,0,0
SHE,1959,0,0,0
TRI,1959,0,0,0
AND,1959,0,0,0
PHW,1959,0,0,0
BLB,1959,0,0,0
CIN,1959,0,0,0
LAL,1959,0,0,0
SFW,1959,0,0,0
PHI,1959,0,0,0
BAL,1959,0,0,0
CHI,1959,0,0,0
ATL,1959,0,0,0
SDR,1959,0,0,0
MIL,1959,0,0,0
PHO,1959,0,0,0
GSW,1959,0,0,0
CAP,1959,0,0,0
BUF,1959,0,0,0
SEA,1959,0,0,0
WSB,1959,0,0,0
KCO,1959,0,0,0
HOU,1959,0,0,0
CLE,1959,0,0,0
SAS,1959,0,0,0
POR,1959,0,0,0
DEN,1959,0,0,0
KCK,1959,0,0,0
NJN,1959,0,0,0
IND,1959,0,0,0
DAL,1959,0,0,0
UTA,1959,0,0,0
SAC,1959,0,0,0
MIA,1959,0,0,0
LAC,1959,0,0,0
CHH,1959,0,0,0
ORL,1959,0,0,0
MIN,1959,0,0,0
TOR,1959,0,0,0
NOH,1959,0,0,0
MEM,1959,0,0,0
WAS,1959,0,0,0
OKC,1959,0,0,0
CHA,1959,0,0,0
BRK,1959,0,0,0
NOP,1959,0,0,0
CHO,1959,0,0,0
WSC,1960,0,0,0
INO,1960,0,0,0
FTW,1960,0,0,0
CHS,1960,0,0,0
ROC,1960,0,0,0
SHE,1960,0,0,0
TRI,1960,0,0,0
AND,1960,0,0,0
NYK,1960,0,0,0
BLB,1960,0,0,0
CIN,1960,0,0,0
LAL,1960,0,0,0
SFW,1960,0,0,0
PHI,1960,0,0,0
BAL,1960,0,0,0
CHI,1960,0,0,0
ATL,1960,0,0,0
SDR,1960,0,0,0
MIL,1960,0,0,0
PHO,1960,0,0,0
GSW,1960,0,0,0
CAP,1960,0,0,0
BUF,1960,0,0,0
SEA,1960,0,0,0
WSB,1960,0,0,0
KCO,1960,0,0,0
HOU,1960,0,0,0
CLE,1960,0,0,0
SAS,1960,0,0,0
POR,1960,0,0,0
DEN,1960,0,0,0
KCK,1960,0,0,0
NJN,1960,0,0,0
IND,1960,0,0,0
DAL,1960,0,0,0
UTA,1960,0,0,0
SAC,1960,0,0,0
MIA,1960,0,0,0
LAC,1960,0,0,0
CHH,1960,0,0,0
ORL,1960,0,0,0
MIN,1960,0,0,0
TOR,1960,0,0,0
NOH,1960,0,0,0
MEM,1960,0,0,0
WAS,1960,0,0,0
OKC,1960,0,0,0
CHA,1960,0,0,0
BRK,1960,0,0,0
NOP,1960,0,0,0
CHO,1960,0,0,0
WSC,1961,0,0,0
INO,1961,0,0,0
FTW,1961,0,0,0
MNL,1961,0,0,0
CHS,1961,0,0,0
ROC,1961,0,0,0
SHE,1961,0,0,0
TRI,1961,0,0,0
AND,1961,0,0,0
NYK,1961,0,0,0
BLB,1961,0,0,0
CIN,1961,0,0,0
SFW,1961,0,0,0
PHI,1961,0,0,0
BAL,1961,0,0,0
CHI,1961,0,0,0
ATL,1961,0,0,0
SDR,1961,0,0,0
MIL,1961,0,0,0
PHO,1961,0,0,0
GSW,1961,0,0,0
CAP,1961,0,0,0
BUF,1961,0,0,0
SEA,1961,0,0,0
WSB,1961,0,0,0
KCO,1961,0,0,0
HOU,1961,0,0,0
CLE,1961,0,0,0
SAS,1961,0,0,0
POR,1961,0,0,0
DEN,1961,0,0,0
KCK,1961,0,0,0
NJN,1961,0,0,0
IND,1961,0,0,0
DAL,1961,0,0,0
UTA,1961,0,0,0
SAC,1961,0,0,0
MIA,1961,0,0,0
LAC,1961,0,0,0
CHH,1961,0,0,0
ORL,1961,0,0,0
MIN,1961,0,0,0
TOR,1961,0,0,0
NOH,1961,0,0,0
MEM,1961,0,0,0
WAS,1961,0,0,0
OKC,1961,0,0,0
CHA,1961,0,0,0
BRK,1961,0,0,0
NOP,1961,0,0,0
CHO,1961,0,0,0
WSC,1962,0,0,0
INO,1962,0,0,0
FTW,1962,0,0,0
MNL,1962,0,0,0
CHS,1962,0,0,0
ROC,1962,0,0,0
SHE,1962,0,0,0
TRI,1962,0,0,0
AND,1962,0,0,0
NYK,1962,0,0,0
BLB,1962,0,0,0
STL,1962,0,0,0
SFW,1962,0,0,0
PHI,1962,0,0,0
BAL,1962,0,0,0
CHI,1962,0,0,0
ATL,1962,0,0,0
SDR,1962,0,0,0
MIL,1962,0,0,0
PHO,1962,0,0,0
GSW,1962,0,0,0
CAP,1962,0,0,0
BUF,1962,0,0,0
SEA,1962,0,0,0
WSB,1962,0,0,0
KCO,1962,0,0,0
HOU,1962,0,0,0
CLE,1962,0,0,0
SAS,1962,0,0,0
POR,1962,0,0,0
DEN,1962,0,0,0
KCK,1962,0,0,0
NJN,1962,0,0,0
IND,1962,0,0,0
DAL,1962,0,0,0
UTA,1962,0,0,0
SAC,1962,0,0,0
MIA,1962,0,0,0
LAC,1962,0,0,0
CHH,1962,0,0,0
ORL,1962,0,0,0
MIN,1962,0,0,0
TOR,1962,0,0,0
NOH,1962,0,0,0
MEM,1962,0,0,0
WAS,1962,0,0,0
OKC,1962,0,0,0
CHA,1962,0,0,0
BRK,1962,0,0,0
NOP,1962,0,0,0
CHO,1962,0,0,0
WSC,1963,0,0,0
INO,1963,0,0,0
FTW,1963,0,0,0
MNL,1963,0,0,0
CHS,1963,0,0,0
ROC,1963,0,0,0
SHE,1963,0,0,0
TRI,1963,0,0,0
AND,1963,0,0,0
NYK,1963,0,0,0
PHW,1963,0,0,0
BLB,1963,0,0,0
SFW,1963,0,0,0
PHI,1963,0,0,0
BAL,1963,0,0,0
CHI,1963,0,0,0
ATL,1963,0,0,0
SDR,1963,0,0,0
MIL,1963,0,0,0
PHO,1963,0,0,0
GSW,1963,0,0,0
CAP,1963,0,0,0
BUF,1963,0,0,0
SEA,1963,0,0,0
WSB,1963,0,0,0
KCO,1963,0,0,0
HOU,1963,0,0,0
CLE,1963,0,0,0
SAS,1963,0,0,0
POR,1963,0,0,0
DEN,1963,0,0,0
KCK,1963,0,0,0
NJN,1963,0,0,0
IND,1963,0,0,0
DAL,1963,0,0,0
UTA,1963,0,0,0
SAC,1963,0,0,0
MIA,1963,0,0,0
LAC,1963,0,0,0
CHH,1963,0,0,0
ORL,1963,0,0,0
MIN,1963,0,0,0
TOR,1963,0,0,0
NOH,1963,0,0,0
MEM,1963,0,0,0
WAS,1963,0,0,0
OKC,1963,0,0,0
CHA,1963,0,0,0
BRK,1963,0,0,0
NOP,1963,0,0,0
CHO,1963,0,0,0
WSC,1964,0,0,0
INO,1964,0,0,0
FTW,1964,0,0,0
MNL,1964,0,0,0
CHS,1964,0,0,0
ROC,1964,0,0,0
SHE,1964,0,0,0
TRI,1964,0,0,0
AND,1964,0,0,0
SYR,1964,0,0,0
NYK,1964,0,0,0
PHW,1964,0,0,0
BLB,1964,0,0,0
DET,1964,0,0,0
BAL,1964,0,0,0
CHI,1964,0,0,0
ATL,1964,0,0,0
SDR,1964,0,0,0
MIL,1964,0,0,0
PHO,1964,0,0,0
GSW,1964,0,0,0
CAP,1964,0,0,0
BUF,1964,0,0,0
SEA,1964,0,0,0
WSB,1964,0,0,0
KCO,1964,0,0,0
HOU,1964,0,0,0
CLE,1964,0,0,0
SAS,1964,0,0,0
POR,1964,0,0,0
DEN,1964,0,0,0
KCK,1964,0,0,0
NJN,1964,0,0,0
IND,1964,0,0,0
DAL,1964,0,0,0
UTA,1964,0,0,0
SAC,1964,0,0,0
MIA,1964,0,0,0
LAC,1964,0,0,0
CHH,1964,0,0,0
ORL,1964,0,0,0
MIN,1964,0,0,0
TOR,1964,0,0,0
NOH,1964,0,0,0
MEM,1964,0,0,0
WAS,1964,0,0,0
OKC,1964,0,0,0
CHA,1964,0,0,0
BRK,1964,0,0,0
NOP,1964,0,0,0
CHO,1964,0,0,0
WSC,1965,0,0,0
INO,1965,0,0,0
FTW,1965,0,0,0
MNL,1965,0,0,0
CHS,1965,0,0,0
ROC,1965,0,0,0
SHE,1965,0,0,0
TRI,1965,0,0,0
AND,1965,0,0,0
SYR,1965,0,0,0
NYK,1965,0,0,0
PHW,1965,0,0,0
BLB,1965,0,0,0
DET,1965,0,0,0
SFW,1965,0,0,0
CHI,1965,0,0,0
ATL,1965,0,0,0
SDR,1965,0,0,0
MIL,1965,0,0,0
PHO,1965,0,0,0
GSW,1965,0,0,0
CAP,1965,0,0,0
BUF,1965,0,0,0
SEA,1965,0,0,0
WSB,1965,0,0,0
KCO,1965,0,0,0
HOU,1965,0,0,0
CLE,1965,0,0,0
SAS,1965,0,0,0
POR,1965,0,0,0
DEN,1965,0,0,0
KCK,1965,0,0,0
NJN,1965,0,0,0
IND,1965,0,0,0
DAL,1965,0,0,0
UTA,1965,0,0,0
SAC,1965,0,0,0
MIA,1965,0,0,0
LAC,1965,0,0,0
CHH,1965,0,0,0
ORL,1965,0,0,0
MIN,1965,0,0,0
TOR,1965,0,0,0
NOH,1965,0,0,0
MEM,1965,0,0,0
WAS,1965,0,0,0
OKC,1965,0,0,0
CHA,1965,0,0,0
BRK,1965,0,0,0
NOP,1965,0,0,0
CHO,1965,0,0,0
WSC,1966,0,0,0
INO,1966,0,0,0
FTW,1966,0,0,0
MNL,1966,0,0,0
CHS,1966,0,0,0
ROC,1966,0,0,0
SHE,1966,0,0,0
TRI,1966,0,0,0
AND,1966,0,0,0
SYR,1966,0,0,0
NYK,1966,0,0,0
PHW,1966,0,0,0
BLB,1966,0,0,0
DET,1966,0,0,0
SFW,1966,0,0,0
CHI,1966,0,0,0
ATL,1966,0,0,0
SDR,1966,0,0,0
MIL,1966,0,0,0
PHO,1966,0,0,0
GSW,1966,0,0,0
CAP,1966,0,0,0
BUF,1966,0,0,0
SEA,1966,0,0,0
WSB,1966,0,0,0
KCO,1966,0,0,0
HOU,1966,0,0,0
CLE,1966,0,0,0
SAS,1966,0,0,0
POR,1966,0,0,0
DEN,1966,0,0,0
KCK,1966,0,0,0
NJN,1966,0,0,0
IND,1966,0,0,0
DAL,1966,0,0,0
UTA,1966,0,0,0
SAC,1966,0,0,0
MIA,1966,0,0,0
LAC,1966,0,0,0
CHH,1966,0,0,0
ORL,1966,0,0,0
MIN,1966,0,0,0
TOR,1966,0,0,0
NOH,1966,0,0,0
MEM,1966,0,0,0
WAS,1966,0,0,0
OKC,1966,0,0,0
CHA,1966,0,0,0
BRK,1966,0,0,0
NOP,1966,0,0,0
CHO,1966,0,0,0
WSC,1967,0,0,0
INO,1967,0,0,0
FTW,1967,0,0,0
MNL,1967,0,0,0
CHS,1967,0,0,0
ROC,1967,0,0,0
SHE,1967,0,0,0
TRI,1967,0,0,0
AND,1967,0,0,0
SYR,1967,0,0,0
PHW,1967,0,0,0
BLB,1967,0,0,0
DET,1967,0,0,0
BAL,1967,0,0,0
ATL,1967,0,0,0
SDR,1967,0,0,0
MIL,1967,0,0,0
PHO,1967,0,0,0
GSW,1967,0,0,0
CAP,1967,0,0,0
BUF,1967,0,0,0
SEA,1967,0,0,0
WSB,1967,0,0,0
KCO,1967,0,0,0
HOU,1967,0,0,0
CLE,1967,0,0,0
SAS,1967,0,0,0
POR,1967,0,0,0
DEN,1967,0,0,0
KCK,1967,0,0,0
NJN,1967,0,0,0
IND,1967,0,0,0
DAL,1967,0,0,0
UTA,1967,0,0,0
SAC,1967,0,0,0
MIA,1967,0,0,0
LAC,1967,0,0,0
CHH,1967,0,0,0
ORL,1967,0,0,0
MIN,1967,0,0,0
TOR,1967,0,0,0
NOH,1967,0,0,0
MEM,1967,0,0,0
WAS,1967,0,0,0
OKC,1967,0,0,0
CHA,1967,0,0,0
BRK,1967,0,0,0
NOP,1967,0,0,0
CHO,1967,0,0,0
WSC,1968,0,0,0
INO,1968,0,0,0
FTW,1968,0,0,0
MNL,1968,0,0,0
CHS,1968,0,0,0
ROC,1968,0,0,0
SHE,1968,0,0,0
TRI,1968,0,0,0
AND,1968,0,0,0
SYR,1968,0,0,0
PHW,1968,0,0,0
BLB,1968,0,0,0
CIN,1968,0,0,0
BAL,1968,0,0,0
ATL,1968,0,0,0
SDR,1968,0,0,0
MIL,1968,0,0,0
PHO,1968,0,0,0
GSW,1968,0,0,0
CAP,1968,0,0,0
BUF,1968,0,0,0
SEA,1968,0,0,0
WSB,1968,0,0,0
KCO,1968,0,0,0
HOU,1968,0,0,0
CLE,1968,0,0,0
SAS,1968,0,0,0
POR,1968,0,0,0
DEN,1968,0,0,0
KCK,1968,0,0,0
NJN,1968,0,0,0
IND,1968,0,0,0
DAL,1968,0,0,0
UTA,1968,0,0,0
SAC,1968,0,0,0
MIA,1968,0,0,0
LAC,1968,0,0,0
CHH,1968,0,0,0
ORL,1968,0,0,0
MIN,1968,0,0,0
TOR,1968,0,0,0
NOH,1968,0,0,0
MEM,1968,0,0,0
WAS,1968,0,0,0
OKC,1968,0,0,0
CHA,1968,0,0,0
BRK,1968,0,0,0
NOP,1968,0,0,0
CHO,1968,0,0,0
WSC,1969,0,0,0
INO,1969,0,0,0
FTW,1969,0,0,0
MNL,1969,0,0,0
CHS,1969,0,0,0
ROC,1969,0,0,0
SHE,1969,0,0,0
TRI,1969,0,0,0
AND,1969,0,0,0
SYR,1969,0,0,0
PHW,1969,0,0,0
BLB,1969,0,0,0
STL,1969,0,0,0
CIN,1969,0,0,0
DET,1969,0,0,0
CHI,1969,0,0,0
MIL,1969,0,0,0
PHO,1969,0,0,0
GSW,1969,0,0,0
CAP,1969,0,0,0
BUF,1969,0,0,0
SEA,1969,0,0,0
WSB,1969,0,0,0
KCO,1969,0,0,0
HOU,1969,0,0,0
CLE,1969,0,0,0
SAS,1969,0,0,0
POR,1969,0,0,0
DEN,1969,0,0,0
KCK,1969,0,0,0
NJN,1969,0,0,0
IND,1969,0,0,0
DAL,1969,0,0,0
UTA,1969,0,0,0
SAC,1969,0,0,0
MIA,1969,0,0,0
LAC,1969,0,0,0
CHH,1969,0,0,0
ORL,1969,0,0,0
MIN,1969,0,0,0
TOR,1969,0,0,0
NOH,1969,0,0,0
MEM,1969,0,0,0
WAS,1969,0,0,0
OKC,1969,0,0,0
CHA,1969,0,0,0
BRK,1969,0,0,0
NOP,1969,0,0,0
CHO,1969,0,0,0
WSC,1970,0,0,0
INO,1970,0,0,0
FTW,1970,0,0,0
MNL,1970,0,0,0
CHS,1970,0,0,0
ROC,1970,0,0,0
SHE,1970,0,0,0
TRI,1970,0,0,0
AND,1970,0,0,0
SYR,1970,0,0,0
PHW,1970,0,0,0
BOS,1970,0,0,0
BLB,1970,0,0,0
STL,1970,0,0,0
CIN,1970,0,0,0
DET,1970,0,0,0
SFW,1970,0,0,0
SDR,1970,0,0,0
GSW,1970,0,0,0
CAP,1970,0,0,0
BUF,1970,0,0,0
SEA,1970,0,0,0
WSB,1970,0,0,0
KCO,1970,0,0,0
HOU,1970,0,0,0
CLE,1970,0,0,0
SAS,1970,0,0,0
POR,1970,0,0,0
DEN,1970,0,0,0
KCK,1970,0,0,0
NJN,1970,0,0,0
IND,1970,0,0,0
DAL,1970,0,0,0
UTA,1970,0,0,0
SAC,1970,0,0,0
MIA,1970,0,0,0
LAC,1970,0,0,0
CHH,1970,0,0,0
ORL,1970,0,0,0
MIN,1970,0,0,0
TOR,1970,0,0,0
NOH,1970,0,0,0
MEM,1970,0,0,0
WAS,1970,0,0,0
OKC,1970,0,0,0
CHA,1970,0,0,0
BRK,1970,0,0,0
NOP,1970,0,0,0
CHO,1970,0,0,0
WSC,1971,0,0,0
INO,1971,0,0,0
FTW,1971,0,0,0
MNL,1971,0,0,0
CHS,1971,0,0,0
ROC,1971,0,0,0
SHE,1971,0,0,0
TRI,1971,0,0,0
AND,1971,0,0,0
SYR,1971,0,0,0
PHW,1971,0,0,0
BOS,1971,0,0,0
BLB,1971,0,0,0
STL,1971,0,0,0
CIN,1971,0,0,0
DET,1971,0,0,0
SDR,1971,0,0,0
PHO,1971,0,0,0
GSW,1971,0,0,0
CAP,1971,0,0,0
BUF,1971,0,0,0
SEA,1971,0,0,0
WSB,1971,0,0,0
KCO,1971,0,0,0
HOU,1971,0,0,0
CLE,1971,0,0,0
SAS,1971,0,0,0
POR,1971,0,0,0
DEN,1971,0,0,0
KCK,1971,0,0,0
NJN,1971,0,0,0
IND,1971,0,0,0
DAL,1971,0,0,0
UTA,1971,0,0,0
SAC,1971,0,0,0
MIA,1971,0,0,0
LAC,1971,0,0,0
CHH,1971,0,0,0
ORL,1971,0,0,0
MIN,1971,0,0,0
TOR,1971,0,0,0
NOH,1971,0,0,0
MEM,1971,0,0,0
WAS,1971,0,0,0
OKC,1971,0,0,0
CHA,1971,0,0,0
BRK,1971,0,0,0
NOP,1971,0,0,0
CHO,1971,0,0,0
WSC,1972,0,0,0
INO,1972,0,0,0
FTW,1972,0,0,0
MNL,1972,0,0,0
CHS,1972,0,0,0
ROC,1972,0,0,0
SHE,1972,0,0,0
TRI,1972,0,0,0
AND,1972,0,0,0
SYR,1972,0,0,0
PHW,1972,0,0,0
BLB,1972,0,0,0
STL,1972,0,0,0
CIN,1972,0,0,0
DET,1972,0,0,0
SFW,1972,0,0,0
PHI,1972,0,0,0
SDR,1972,0,0,0
PHO,1972,0,0,0
CAP,1972,0,0,0
BUF,1972,0,0,0
SEA,1972,0,0,0
WSB,1972,0,0,0
KCO,1972,0,0,0
HOU,1972,0,0,0
CLE,1972,0,0,0
SAS,1972,0,0,0
POR,1972,0,0,0
DEN,1972,0,0,0
KCK,1972,0,0,0
NJN,1972,0,0,0
IND,1972,0,0,0
DAL,1972,0,0,0
UTA,1972,0,0,0
SAC,1972,0,0,0
MIA,1972,0,0,0
LAC,1972,0,0,0
CHH,1972,0,0,0
ORL,1972,0,0,0
MIN,1972,0,0,0
TOR,1972,0,0,0
NOH,1972,0,0,0
MEM,1972,0,0,0
WAS,1972,0,0,0
OKC,1972,0,0,0
CHA,1972,0,0,0
BRK,1972,0,0,0
NOP,1972,0,0,0
CHO,1972,0,0,0
WSC,1973,0,0,0
INO,1973,0,0,0
FTW,1973,0,0,0
MNL,1973,0,0,0
CHS,1973,0,0,0
ROC,1973,0,0,0
SHE,1973,0,0,0
TRI,1973,0,0,0
AND,1973,0,0,0
SYR,1973,0,0,0
PHW,1973,0,0,0
BLB,1973,0,0,0
STL,1973,0,0,0
CIN,1973,0,0,0
DET,1973,0,0,0
SFW,1973,0,0,0
PHI,1973,0,0,0
SDR,1973,0,0,0
PHO,1973,0,0,0
CAP,1973,0,0,0
BUF,1973,0,0,0
SEA,1973,0,0,0
WSB,1973,0,0,0
KCO,1973,0,0,0
HOU,1973,0,0,0
CLE,1973,0,0,0
SAS,1973,0,0,0
POR,1973,0,0,0
DEN,1973,0,0,0
KCK,1973,0,0,0
NJN,1973,0,0,0
IND,1973,0,0,0
DAL,1973,0,0,0
UTA,1973,0,0,0
SAC,1973,0,0,0
MIA,1973,0,0,0
LAC,1973,0,0,0
CHH,1973,0,0,0
ORL,1973,0,0,0
MIN,1973,0,0,0
TOR,1973,0,0,0
NOH,1973,0,0,0
MEM,1973,0,0,0
WAS,1973,0,0,0
OKC,1973,0,0,0
CHA,1973,0,0,0
BRK,1973,0,0,0
NOP,1973,0,0,0
CHO,1973,0,0,0
WSC,1974,0,0,0
INO,1974,0,0,0
FTW,1974,0,0,0
MNL,1974,0,0,0
CHS,1974,0,0,0
ROC,1974,0,0,0
SHE,1974,0,0,0
TRI,1974,0,0,0
AND,1974,0,0,0
SYR,1974,0,0,0
PHW,1974,0,0,0
BLB,1974,0,0,0
STL,1974,0,0,0
CIN,1974,0,0,0
SFW,1974,0,0,0
PHI,1974,0,0,0
BAL,1974,0,0,0
ATL,1974,0,0,0
SDR,1974,0,0,0
PHO,1974,0,0,0
GSW,1974,0,0,0
SEA,1974,0,0,0
WSB,1974,0,0,0
KCO,1974,0,0,0
HOU,1974,0,0,0
CLE,1974,0,0,0
SAS,1974,0,0,0
POR,1974,0,0,0
DEN,1974,0,0,0
KCK,1974,0,0,0
NJN,1974,0,0,0
IND,1974,0,0,0
DAL,1974,0,0,0
UTA,1974,0,0,0
SAC,1974,0,0,0
MIA,1974,0,0,0
LAC,1974,0,0,0
CHH,1974,0,0,0
ORL,1974,0,0,0
MIN,1974,0,0,0
TOR,1974,0,0,0
NOH,1974,0,0,0
MEM,1974,0,0,0
WAS,1974,0,0,0
OKC,1974,0,0,0
CHA,1974,0,0,0
BRK,1974,0,0,0
NOP,1974,0,0,0
CHO,1974,0,0,0
WSC,1975,0,0,0
INO,1975,0,0,0
FTW,1975,0,0,0
MNL,1975,0,0,0
CHS,1975,0,0,0
ROC,1975,0,0,0
SHE,1975,0,0,0
TRI,1975,0,0,0
AND,1975,0,0,0
SYR,1975,0,0,0
PHW,1975,0,0,0
BLB,1975,0,0,0
STL,1975,0,0,0
CIN,1975,0,0,0
LAL,1975,0,0,0
SFW,1975,0,0,0
PHI,1975,0,0,0
BAL,1975,0,0,0
ATL,1975,0,0,0
SDR,1975,0,0,0
MIL,1975,0,0,0
PHO,1975,0,0,0
CAP,1975,0,0,0
CLE,1975,0,0,0
SAS,1975,0,0,0
POR,1975,0,0,0
DEN,1975,0,0,0
KCK,1975,0,0,0
NJN,1975,0,0,0
IND,1975,0,0,0
DAL,1975,0,0,0
UTA,1975,0,0,0
SAC,1975,0,0,0
MIA,1975,0,0,0
LAC,1975,0,0,0
CHH,1975,0,0,0
ORL,1975,0,0,0
MIN,1975,0,0,0
TOR,1975,0,0,0
NOH,1975,0,0,0
MEM,1975,0,0,0
WAS,1975,0,0,0
OKC,1975,0,0,0
CHA,1975,0,0,0
BRK,1975,0,0,0
NOP,1975,0,0,0
CHO,1975,0,0,0
WSC,1976,0,0,0
INO,1976,0,0,0
FTW,1976,0,0,0
MNL,1976,0,0,0
CHS,1976,0,0,0
ROC,1976,0,0,0
SHE,1976,0,0,0
TRI,1976,0,0,0
AND,1976,0,0,0
SYR,1976,0,0,0
NYK,1976,0,0,0
PHW,1976,0,0,0
BLB,1976,0,0,0
STL,1976,0,0,0
CIN,1976,0,0,0
LAL,1976,0,0,0
SFW,1976,0,0,0
BAL,1976,0,0,0
CHI,1976,0,0,0
ATL,1976,0,0,0
SDR,1976,0,0,0
CAP,1976,0,0,0
KCO,1976,0,0,0
HOU,1976,0,0,0
SAS,1976,0,0,0
POR,1976,0,0,0
DEN,1976,0,0,0
KCK,1976,0,0,0
NJN,1976,0,0,0
IND,1976,0,0,0
DAL,1976,0,0,0
UTA,1976,0,0,0
SAC,1976,0,0,0
MIA,1976,0,0,0
LAC,1976,0,0,0
CHH,1976,0,0,0
ORL,1976,0,0,0
MIN,1976,0,0,0
TOR,1976,0,0,0
NOH,1976,0,0,0
MEM,1976,0,0,0
WAS,1976,0,0,0
OKC,1976,0,0,0
CHA,1976,0,0,0
BRK,1976,0,0,0
NOP,1976,0,0,0
CHO,1976,0,0,0
WSC,1977,0,0,0
INO,1977,0,0,0
FTW,1977,0,0,0
MNL,1977,0,0,0
CHS,1977,0,0,0
ROC,1977,0,0,0
SHE,1977,0,0,0
TRI,1977,0,0,0
AND,1977,0,0,0
SYR,1977,0,0,0
NYK,1977,0,0,0
PHW,1977,0,0,0
BLB,1977,0,0,0
STL,1977,0,0,0
CIN,1977,0,0,0
SFW,1977,0,0,0
BAL,1977,0,0,0
ATL,1977,0,0,0
SDR,1977,0,0,0
MIL,1977,0,0,0
PHO,1977,0,0,0
CAP,1977,0,0,0
BUF,1977,0,0,0
SEA,1977,0,0,0
KCO,1977,0,0,0
KCK,1977,0,0,0
NJN,1977,0,0,0
IND,1977,0,0,0
DAL,1977,0,0,0
UTA,1977,0,0,0
SAC,1977,0,0,0
MIA,1977,0,0,0
LAC,1977,0,0,0
CHH,1977,0,0,0
ORL,1977,0,0,0
MIN,1977,0,0,0
TOR,1977,0,0,0
NOH,1977,0,0,0
MEM,1977,0,0,0
WAS,1977,0,0,0
OKC,1977,0,0,0
CHA,1977,0,0,0
BRK,1977,0,0,0
NOP,1977,0,0,0
CHO,1977,0,0,0
WSC,1978,0,0,0
INO,1978,0,0,0
FTW,1978,0,0,0
MNL,1978,0,0,0
CHS,1978,0,0,0
ROC,1978,0,0,0
SHE,1978,0,0,0
TRI,1978,0,0,0
AND,1978,0,0,0
SYR,1978,0,0,0
PHW,1978,0,0,0
BOS,1978,0,0,0
BLB,1978,0,0,0
STL,1978,0,0,0
CIN,1978,0,0,0
DET,1978,0,0,0
SFW,1978,0,0,0
BAL,1978,0,0,0
CHI,1978,0,0,0
SDR,1978,0,0,0
GSW,1978,0,0,0
CAP,1978,0,0,0
BUF,1978,0,0,0
KCO,1978,0,0,0
HOU,1978,0,0,0
KCK,1978,0,0,0
NJN,1978,0,0,0
IND,1978,0,0,0
DAL,1978,0,0,0
UTA,1978,0,0,0
SAC,1978,0,0,0
MIA,1978,0,0,0
LAC,1978,0,0,0
CHH,1978,0,0,0
ORL,1978,0,0,0
MIN,1978,0,0,0
TOR,1978,0,0,0
NOH,1978,0,0,0
MEM,1978,0,0,0
WAS,1978,0,0,0
OKC,1978,0,0,0
CHA,1978,0,0,0
BRK,1978,0,0,0
NOP,1978,0,0,0
CHO,1978,0,0,0
WSC,1979,0,0,0
INO,1979,0,0,0
FTW,1979,0,0,0
MNL,1979,0,0,0
CHS,1979,0,0,0
ROC,1979,0,0,0
SHE,1979,0,0,0
TRI,1979,0,0,0
AND,1979,0,0,0
SYR,1979,0,0,0
NYK,1979,0,0,0
PHW,1979,0,0,0
BOS,1979,0,0,0
BLB,1979,0,0,0
STL,1979,0,0,0
CIN,1979,0,0,0
DET,1979,0,0,0
SFW,1979,0,0,0
BAL,1979,0,0,0
CHI,1979,0,0,0
SDR,1979,0,0,0
MIL,1979,0,0,0
GSW,1979,0,0,0
CAP,1979,0,0,0
BUF,1979,0,0,0
KCO,1979,0,0,0
CLE,1979,0,0,0
IND,1979,0,0,0
DAL,1979,0,0,0
UTA,1979,0,0,0
SAC,1979,0,0,0
MIA,1979,0,0,0
LAC,1979,0,0,0
CHH,1979,0,0,0
ORL,1979,0,0,0
MIN,1979,0,0,0
TOR,1979,0,0,0
NOH,1979,0,0,0
MEM,1979,0,0,0
WAS,1979,0,0,0
OKC,1979,0,0,0
CHA,1979,0,0,0
BRK,1979,0,0,0
NOP,1979,0,0,0
CHO,1979,0,0,0
WSC,1980,0,0,0
INO,1980,0,0,0
FTW,1980,0,0,0
MNL,1980,0,0,0
CHS,1980,0,0,0
ROC,1980,0,0,0
SHE,1980,0,0,0
TRI,1980,0,0,0
AND,1980,0,0,0
SYR,1980,0,0,0
NYK,1980,0,0,0
PHW,1980,0,0,0
BLB,1980,0,0,0
STL,1980,0,0,0
CIN,1980,0,0,0
DET,1980,0,0,0
SFW,1980,0,0,0
BAL,1980,0,0,0
CHI,1980,0,0,0
SDR,1980,0,0,0
GSW,1980,0,0,0
CAP,1980,0,0,0
BUF,1980,0,0,0
KCO,1980,0,0,0
CLE,1980,0,0,0
DEN,1980,0,0,0
NJN,1980,0,0,0
IND,1980,0,0,0
DAL,1980,0,0,0
UTA,1980,0,0,0
SAC,1980,0,0,0
MIA,1980,0,0,0
LAC,1980,0,0,0
CHH,1980,0,0,0
ORL,1980,0,0,0
MIN,1980,0,0,0
TOR,1980,0,0,0
NOH,1980,0,0,0
MEM,1980,0,0,0
WAS,1980,0,0,0
OKC,1980,0,0,0
CHA,1980,0,0,0
BRK,1980,0,0,0
NOP,1980,0,0,0
CHO,1980,0,0,0
WSC,1981,0,0,0
INO,1981,0,0,0
FTW,1981,0,0,0
MNL,1981,0,0,0
CHS,1981,0,0,0
ROC,1981,0,0,0
SHE,1981,0,0,0
TRI,1981,0,0,0
AND,1981,0,0,0
SYR,1981,0,0,0
PHW,1981,0,0,0
BLB,1981,0,0,0
STL,1981,0,0,0
CIN,1981,0,0,0
DET,1981,0,0,0
SFW,1981,0,0,0
BAL,1981,0,0,0
ATL,1981,0,0,0
SDR,1981,0,0,0
GSW,1981,0,0,0
CAP,1981,0,0,0
BUF,1981,0,0,0
SEA,1981,0,0,0
WSB,1981,0,0,0
KCO,1981,0,0,0
CLE,1981,0,0,0
DEN,1981,0,0,0
NJN,1981,0,0,0
DAL,1981,0,0,0
UTA,1981,0,0,0
SAC,1981,0,0,0
MIA,1981,0,0,0
LAC,1981,0,0,0
CHH,1981,0,0,0
ORL,1981,0,0,0
MIN,1981,0,0,0
TOR,1981,0,0,0
NOH,1981,0,0,0
MEM,1981,0,0,0
WAS,1981,0,0,0
OKC,1981,0,0,0
CHA,1981,0,0,0
BRK,1981,0,0,0
NOP,1981,0,0,0
CHO,1981,0,0,0
WSC,1982,0,0,0
INO,1982,0,0,0
FTW,1982,0,0,0
MNL,1982,0,0,0
CHS,1982,0,0,0
ROC,1982,0,0,0
SHE,1982,0,0,0
TRI,1982,0,0,0
AND,1982,0,0,0
SYR,1982,0,0,0
NYK,1982,0,0,0
PHW,1982,0,0,0
BLB,1982,0,0,0
STL,1982,0,0,0
CIN,1982,0,0,0
DET,1982,0,0,0
SFW,1982,0,0,0
BAL,1982,0,0,0
CHI,1982,0,0,0
SDR,1982,0,0,0
GSW,1982,0,0,0
CAP,1982,0,0,0
BUF,1982,0,0,0
KCO,1982,0,0,0
CLE,1982,0,0,0
POR,1982,0,0,0
KCK,1982,0,0,0
IND,1982,0,0,0
DAL,1982,0,0,0
UTA,1982,0,0,0
SAC,1982,0,0,0
MIA,1982,0,0,0
LAC,1982,0,0,0
CHH,1982,0,0,0
ORL,1982,0,0,0
MIN,1982,0,0,0
TOR,1982,0,0,0
NOH,1982,0,0,0
MEM,1982,0,0,0
WAS,1982,0,0,0
OKC,1982,0,0,0
CHA,1982,0,0,0
BRK,1982,0,0,0
NOP,1982,0,0,0
CHO,1982,0,0,0
WSC,1983,0,0,0
INO,1983,0,0,0
FTW,1983,0,0,0
MNL,1983,0,0,0
CHS,1983,0,0,0
ROC,1983,0,0,0
SHE,1983,0,0,0
TRI,1983,0,0,0
AND,1983,0,0,0
SYR,1983,0,0,0
PHW,1983,0,0,0
BLB,1983,0,0,0
STL,1983,0,0,0
CIN,1983,0,0,0
DET,1983,0,0,0
SFW,1983,0,0,0
BAL,1983,0,0,0
CHI,1983,0,0,0
SDR,1983,0,0,0
GSW,1983,0,0,0
CAP,1983,0,0,0
BUF,1983,0,0,0
WSB,1983,0,0,0
KCO,1983,0,0,0
HOU,1983,0,0,0
CLE,1983,0,0,0
KCK,1983,0,0,0
IND,1983,0,0,0
DAL,1983,0,0,0
UTA,1983,0,0,0
SAC,1983,0,0,0
MIA,1983,0,0,0
LAC,1983,0,0,0
CHH,1983,0,0,0
ORL,1983,0,0,0
MIN,1983,0,0,0
TOR,1983,0,0,0
NOH,1983,0,0,0
MEM,1983,0,0,0
WAS,1983,0,0,0
OKC,1983,0,0,0
CHA,1983,0,0,0
BRK,1983,0,0,0
NOP,1983,0,0,0
CHO,1983,0,0,0
WSC,1984,0,0,0
INO,1984,0,0,0
FTW,1984,0,0,0
MNL,1984,0,0,0
CHS,1984,0,0,0
ROC,1984,0,0,0
SHE,1984,0,0,0
TRI,1984,0,0,0
AND,1984,0,0,0
SYR,1984,0,0,0
PHW,1984,0,0,0
BLB,1984,0,0,0
STL,1984,0,0,0
CIN,1984,0,0,0
SFW,1984,0,0,0
BAL,1984,0,0,0
CHI,1984,0,0,0
SDR,1984,0,0,0
GSW,1984,0,0,0
CAP,1984,0,0,0
BUF,1984,0,0,0
KCO,1984,0,0,0
HOU,1984,0,0,0
CLE,1984,0,0,0
SAS,1984,0,0,0
IND,1984,0,0,0
SAC,1984,0,0,0
MIA,1984,0,0,0
LAC,1984,0,0,0
CHH,1984,0,0,0
ORL,1984,0,0,0
MIN,1984,0,0,0
TOR,1984,0,0,0
NOH,1984,0,0,0
MEM,1984,0,0,0
WAS,1984,0,0,0
OKC,1984,0,0,0
CHA,1984,0,0,0
BRK,1984,0,0,0
NOP,1984,0,0,0
CHO,1984,0,0,0
WSC,1985,0,0,0
INO,1985,0,0,0
FTW,1985,0,0,0
MNL,1985,0,0,0
CHS,1985,0,0,0
ROC,1985,0,0,0
SHE,1985,0,0,0
TRI,1985,0,0,0
AND,1985,0,0,0
SYR,1985,0,0,0
NYK,1985,0,0,0
PHW,1985,0,0,0
BLB,1985,0,0,0
STL,1985,0,0,0
CIN,1985,0,0,0
SFW,1985,0,0,0
BAL,1985,0,0,0
ATL,1985,0,0,0
SDR,1985,0,0,0
GSW,1985,0,0,0
CAP,1985,0,0,0
BUF,1985,0,0,0
SEA,1985,0,0,0
KCO,1985,0,0,0
KCK,1985,0,0,0
IND,1985,0,0,0
SAC,1985,0,0,0
MIA,1985,0,0,0
LAC,1985,0,0,0
CHH,1985,0,0,0
ORL,1985,0,0,0
MIN,1985,0,0,0
TOR,1985,0,0,0
NOH,1985,0,0,0
MEM,1985,0,0,0
WAS,1985,0,0,0
OKC,1985,0,0,0
CHA,1985,0,0,0
BRK,1985,0,0,0
NOP,1985,0,0,0
CHO,1985,0,0,0
WSC,1986,0,0,0
INO,1986,0,0,0
FTW,1986,0,0,0
MNL,1986,0,0,0
CHS,1986,0,0,0
ROC,1986,0,0,0
SHE,1986,0,0,0
TRI,1986,0,0,0
AND,1986,0,0,0
SYR,1986,0,0,0
NYK,1986,0,0,0
PHW,1986,0,0,0
BLB,1986,0,0,0
STL,1986,0,0,0
CIN,1986,0,0,0
SFW,1986,0,0,0
BAL,1986,0,0,0
SDR,1986,0,0,0
PHO,1986,0,0,0
GSW,1986,0,0,0
CAP,1986,0,0,0
BUF,1986,0,0,0
SEA,1986,0,0,0
KCO,1986,0,0,0
CLE,1986,0,0,0
KCK,1986,0,0,0
IND,1986,0,0,0
MIA,1986,0,0,0
LAC,1986,0,0,0
CHH,1986,0,0,0
ORL,1986,0,0,0
MIN,1986,0,0,0
TOR,1986,0,0,0
NOH,1986,0,0,0
MEM,1986,0,0,0
WAS,1986,0,0,0
OKC,1986,0,0,0
CHA,1986,0,0,0
BRK,1986,0,0,0
NOP,1986,0,0,0
CHO,1986,0,0,0
WSC,1987,0,0,0
INO,1987,0,0,0
FTW,1987,0,0,0
MNL,1987,0,0,0
CHS,1987,0,0,0
ROC,1987,0,0,0
SHE,1987,0,0,0
TRI,1987,0,0,0
AND,1987,0,0,0
SYR,1987,0,0,0
NYK,1987,0,0,0
PHW,1987,0,0,0
BLB,1987,0,0,0
STL,1987,0,0,0
CIN,1987,0,0,0
SFW,1987,0,0,0
BAL,1987,0,0,0
SDR,1987,0,0,0
PHO,1987,0,0,0
CAP,1987,0,0,0
BUF,1987,0,0,0
KCO,1987,0,0,0
CLE,1987,0,0,0
SAS,1987,0,0,0
KCK,1987,0,0,0
NJN,1987,0,0,0
SAC,1987,0,0,0
MIA,1987,0,0,0
LAC,1987,0,0,0
CHH,1987,0,0,0
ORL,1987,0,0,0
MIN,1987,0,0,0
TOR,1987,0,0,0
NOH,1987,0,0,0
MEM,1987,0,0,0
WAS,1987,0,0,0
OKC,1987,0,0,0
CHA,1987,0,0,0
BRK,1987,0,0,0
NOP,1987,0,0,0
CHO,1987,0,0,0
WSC,1988,0,0,0
INO,1988,0,0,0
FTW,1988,0,0,0
MNL,1988,0,0,0
CHS,1988,0,0,0
ROC,1988,0,0,0
SHE,1988,0,0,0
TRI,1988,0,0,0
AND,1988,0,0,0
SYR,1988,0,0,0
PHW,1988,0,0,0
BLB,1988,0,0,0
STL,1988,0,0,0
CIN,1988,0,0,0
SFW,1988,0,0,0
PHI,1988,0,0,0
BAL,1988,0,0,0
SDR,1988,0,0,0
PHO,1988,0,0,0
GSW,1988,0,0,0
CAP,1988,0,0,0
BUF,1988,0,0,0
KCO,1988,0,0,0
KCK,1988,0,0,0
NJN,1988,0,0,0
IND,1988,0,0,0
SAC,1988,0,0,0
MIA,1988,0,0,0
LAC,1988,0,0,0
CHH,1988,0,0,0
ORL,1988,0,0,0
MIN,1988,0,0,0
TOR,1988,0,0,0
NOH,1988,0,0,0
MEM,1988,0,0,0
WAS,1988,0,0,0
OKC,1988,0,0,0
CHA,1988,0,0,0
BRK,1988,0,0,0
NOP,1988,0,0,0
CHO,1988,0,0,0
WSC,1989,0,0,0
INO,1989,0,0,0
FTW,1989,0,0,0
MNL,1989,0,0,0
CHS,1989,0,0,0
ROC,1989,0,0,0
SHE,1989,0,0,0
TRI,1989,0,0,0
AND,1989,0,0,0
SYR,1989,0,0,0
PHW,1989,0,0,0
BLB,1989,0,0,0
STL,1989,0,0,0
CIN,1989,0,0,0
SFW,1989,0,0,0
BAL,1989,0,0,0
SDR,1989,0,0,0
CAP,1989,0,0,0
BUF,1989,0,0,0
WSB,1989,0,0,0
KCO,1989,0,0,0
SAS,1989,0,0,0
KCK,1989,0,0,0
NJN,1989,0,0,0
IND,1989,0,0,0
DAL,1989,0,0,0
SAC,1989,0,0,0
MIA,1989,0,0,0
LAC,1989,0,0,0
CHH,1989,0,0,0
ORL,1989,0,0,0
MIN,1989,0,0,0
TOR,1989,0,0,0
NOH,1989,0,0,0
MEM,1989,0,0,0
WAS,1989,0,0,0
OKC,1989,0,0,0
CHA,1989,0,0,0
BRK,1989,0,0,0
NOP,1989,0,0,0
CHO,1989,0,0,0
WSC,1990,0,0,0
INO,1990,0,0,0
FTW,1990,0,0,0
MNL,1990,0,0,0
CHS,1990,0,0,0
ROC,1990,0,0,0
SHE,1990,0,0,0
TRI,1990,0,0,0
AND,1990,0,0,0
SYR,1990,0,0,0
PHW,1990,0,0,0
BLB,1990,0,0,0
STL,1990,0,0,0
CIN,1990,0,0,0
SFW,1990,0,0,0
BAL,1990,0,0,0
ATL,1990,0,0,0
SDR,1990,0,0,0
GSW,1990,0,0,0
CAP,1990,0,0,0
BUF,1990,0,0,0
SEA,1990,0,0,0
WSB,1990,0,0,0
KCO,1990,0,0,0
KCK,1990,0,0,0
NJN,1990,0,0,0
SAC,1990,0,0,0
MIA,1990,0,0,0
LAC,1990,0,0,0
CHH,1990,0,0,0
ORL,1990,0,0,0
MIN,1990,0,0,0
TOR,1990,0,0,0
NOH,1990,0,0,0
MEM,1990,0,0,0
WAS,1990,0,0,0
OKC,1990,0,0,0
CHA,1990,0,0,0
BRK,1990,0,0,0
NOP,1990,0,0,0
CHO,1990,0,0,0
WSC,1991,0,0,0
INO,1991,0,0,0
FTW,1991,0,0,0
MNL,1991,0,0,0
CHS,1991,0,0,0
ROC,1991,0,0,0
SHE,1991,0,0,0
TRI,1991,0,0,0
AND,1991,0,0,0
SYR,1991,0,0,0
PHW,1991,0,0,0
BLB,1991,0,0,0
STL,1991,0,0,0
CIN,1991,0,0,0
SFW,1991,0,0,0
BAL,1991,0,0,0
SDR,1991,0,0,0
CAP,1991,0,0,0
BUF,1991,0,0,0
WSB,1991,0,0,0
KCO,1991,0,0,0
CLE,1991,0,0,0
DEN,1991,0,0,0
KCK,1991,0,0,0
NJN,1991,0,0,0
DAL,1991,0,0,0
SAC,1991,0,0,0
MIA,1991,0,0,0
LAC,1991,0,0,0
CHH,1991,0,0,0
ORL,1991,0,0,0
MIN,1991,0,0,0
TOR,1991,0,0,0
NOH,1991,0,0,0
MEM,1991,0,0,0
WAS,1991,0,0,0
OKC,1991,0,0,0
CHA,1991,0,0,0
BRK,1991,0,0,0
NOP,1991,0,0,0
CHO,1991,0,0,0
WSC,1992,0,0,0
INO,1992,0,0,0
FTW,1992,0,0,0
MNL,1992,0,0,0
CHS,1992,0,0,0
ROC,1992,0,0,0
SHE,1992,0,0,0
TRI,1992,0,0,0
AND,1992,0,0,0
SYR,1992,0,0,0
PHW,1992,0,0,0
BLB,1992,0,0,0
STL,1992,0,0,0
CIN,1992,0,0,0
SFW,1992,0,0,0
PHI,1992,0,0,0
BAL,1992,0,0,0
ATL,1992,0,0,0
SDR,1992,0,0,0
MIL,1992,0,0,0
CAP,1992,0,0,0
BUF,1992,0,0,0
WSB,1992,0,0,0
KCO,1992,0,0,0
HOU,1992,0,0,0
DEN,1992,0,0,0
KCK,1992,0,0,0
DAL,1992,0,0,0
SAC,1992,0,0,0
CHH,1992,0,0,0
ORL,1992,0,0,0
MIN,1992,0,0,0
TOR,1992,0,0,0
NOH,1992,0,0,0
MEM,1992,0,0,0
WAS,1992,0,0,0
OKC,1992,0,0,0
CHA,1992,0,0,0
BRK,1992,0,0,0
NOP,1992,0,0,0
CHO,1992,0,0,0
WSC,1993,0,0,0
INO,1993,0,0,0
FTW,1993,0,0,0
MNL,1993,0,0,0
CHS,1993,0,0,0
ROC,1993,0,0,0
SHE,1993,0,0,0
TRI,1993,0,0,0
AND,1993,0,0,0
SYR,1993,0,0,0
PHW,1993,0,0,0
BLB,1993,0,0,0
STL,1993,0,0,0
CIN,1993,0,0,0
DET,1993,0,0,0
SFW,1993,0,0,0
PHI,1993,0,0,0
BAL,1993,0,0,0
SDR,1993,0,0,0
MIL,1993,0,0,0
GSW,1993,0,0,0
CAP,1993,0,0,0
BUF,1993,0,0,0
WSB,1993,0,0,0
KCO,1993,0,0,0
DEN,1993,0,0,0
KCK,1993,0,0,0
DAL,1993,0,0,0
SAC,1993,0,0,0
MIA,1993,0,0,0
ORL,1993,0,0,0
MIN,1993,0,0,0
TOR,1993,0,0,0
NOH,1993,0,0,0
MEM,1993,0,0,0
WAS,1993,0,0,0
OKC,1993,0,0,0
CHA,1993,0,0,0
BRK,1993,0,0,0
NOP,1993,0,0,0
CHO,1993,0,0,0
WSC,1994,0,0,0
INO,1994,0,0,0
FTW,1994,0,0,0
MNL,1994,0,0,0
CHS,1994,0,0,0
ROC,1994,0,0,0
SHE,1994,0,0,0
TRI,1994,0,0,0
AND,1994,0,0,0
SYR,1994,0,0,0
PHW,1994,0,0,0
BOS,1994,0,0,0
BLB,1994,0,0,0
STL,1994,0,0,0
CIN,1994,0,0,0
DET,1994,0,0,0
LAL,1994,0,0,0
SFW,1994,0,0,0
PHI,1994,0,0,0
BAL,1994,0,0,0
SDR,1994,0,0,0
MIL,1994,0,0,0
CAP,1994,0,0,0
BUF,1994,0,0,0
WSB,1994,0,0,0
KCO,1994,0,0,0
KCK,1994,0,0,0
DAL,1994,0,0,0
SAC,1994,0,0,0
LAC,1994,0,0,0
CHH,1994,0,0,0
MIN,1994,0,0,0
TOR,1994,0,0,0
NOH,1994,0,0,0
MEM,1994,0,0,0
WAS,1994,0,0,0
OKC,1994,0,0,0
CHA,1994,0,0,0
BRK,1994,0,0,0
NOP,1994,0,0,0
CHO,1994,0,0,0
WSC,1995,0,0,0
INO,1995,0,0,0
FTW,1995,0,0,0
MNL,1995,0,0,0
CHS,1995,0,0,0
ROC,1995,0,0,0
SHE,1995,0,0,0
TRI,1995,0,0,0
AND,1995,0,0,0
SYR,1995,0,0,0
PHW,1995,0,0,0
BLB,1995,0,0,0
STL,1995,0,0,0
CIN,1995,0,0,0
DET,1995,0,0,0
SFW,1995,0,0,0
PHI,1995,0,0,0
BAL,1995,0,0,0
SDR,1995,0,0,0
MIL,1995,0,0,0
GSW,1995,0,0,0
CAP,1995,0,0,0
BUF,1995,0,0,0
WSB,1995,0,0,0
KCO,1995,0,0,0
KCK,1995,0,0,0
NJN,1995,0,0,0
DAL,1995,0,0,0
SAC,1995,0,0,0
MIA,1995,0,0,0
LAC,1995,0,0,0
MIN,1995,0,0,0
TOR,1995,0,0,0
NOH,1995,0,0,0
MEM,1995,0,0,0
WAS,1995,0,0,0
OKC,1995,0,0,0
CHA,1995,0,0,0
BRK,1995,0,0,0
NOP,1995,0,0,0
CHO,1995,0,0,0
WSC,1996,0,0,0
INO,1996,0,0,0
FTW,1996,0,0,0
MNL,1996,0,0,0
CHS,1996,0,0,0
ROC,1996,0,0,0
SHE,1996,0,0,0
TRI,1996,0,0,0
AND,1996,0,0,0
SYR,1996,0,0,0
PHW,1996,0,0,0
BOS,1996,0,0,0
BLB,1996,0,0,0
STL,1996,0,0,0
CIN,1996,0,0,0
SFW,1996,0,0,0
PHI,1996,0,0,0
BAL,1996,0,0,0
SDR,1996,0,0,0
MIL,1996,0,0,0
GSW,1996,0,0,0
CAP,1996,0,0,0
BUF,1996,0,0,0
WSB,1996,0,0,0
KCO,1996,0,0,0
DEN,1996,0,0,0
KCK,1996,0,0,0
NJN,1996,0,0,0
DAL,1996,0,0,0
LAC,1996,0,0,0
CHH,1996,0,0,0
MIN,1996,0,0,0
TOR,1996,0,0,0
NOH,1996,0,0,0
MEM,1996,0,0,0
WAS,1996,0,0,0
OKC,1996,0,0,0
CHA,1996,0,0,0
BRK,1996,0,0,0
NOP,1996,0,0,0
CHO,1996,0,0,0
WSC,1997,0,0,0
INO,1997,0,0,0
FTW,1997,0,0,0
MNL,1997,0,0,0
CHS,1997,0,0,0
ROC,1997,0,0,0
SHE,1997,0,0,0
TRI,1997,0,0,0
AND,1997,0,0,0
SYR,1997,0,0,0
PHW,1997,0,0,0
BOS,1997,0,0,0
BLB,1997,0,0,0
STL,1997,0,0,0
CIN,1997,0,0,0
SFW,1997,0,0,0
PHI,1997,0,0,0
BAL,1997,0,0,0
SDR,1997,0,0,0
MIL,1997,0,0,0
GSW,1997,0,0,0
CAP,1997,0,0,0
BUF,1997,0,0,0
KCO,1997,0,0,0
CLE,1997,0,0,0
SAS,1997,0,0,0
DEN,1997,0,0,0
KCK,1997,0,0,0
NJN,1997,0,0,0
IND,1997,0,0,0
DAL,1997,0,0,0
SAC,1997,0,0,0
TOR,1997,0,0,0
NOH,1997,0,0,0
MEM,1997,0,0,0
WAS,1997,0,0,0
OKC,1997,0,0,0
CHA,1997,0,0,0
BRK,1997,0,0,0
NOP,1997,0,0,0
CHO,1997,0,0,0
WSC,1998,0,0,0
INO,1998,0,0,0
FTW,1998,0,0,0
MNL,1998,0,0,0
CHS,1998,0,0,0
ROC,1998,0,0,0
SHE,1998,0,0,0
TRI,1998,0,0,0
AND,1998,0,0,0
SYR,1998,0,0,0
PHW,1998,0,0,0
BOS,1998,0,0,0
BLB,1998,0,0,0
STL,1998,0,0,0
CIN,1998,0,0,0
DET,1998,0,0,0
SFW,1998,0,0,0
PHI,1998,0,0,0
BAL,1998,0,0,0
SDR,1998,0,0,0
MIL,1998,0,0,0
GSW,1998,0,0,0
CAP,1998,0,0,0
BUF,1998,0,0,0
WSB,1998,0,0,0
KCO,1998,0,0,0
DEN,1998,0,0,0
KCK,1998,0,0,0
DAL,1998,0,0,0
SAC,1998,0,0,0
LAC,1998,0,0,0
ORL,1998,0,0,0
TOR,1998,0,0,0
NOH,1998,0,0,0
MEM,1998,0,0,0
WAS,1998,0,0,0
OKC,1998,0,0,0
CHA,1998,0,0,0
BRK,1998,0,0,0
NOP,1998,0,0,0
CHO,1998,0,0,0
WSC,1999,0,0,0
INO,1999,0,0,0
FTW,1999,0,0,0
MNL,1999,0,0,0
CHS,1999,0,0,0
ROC,1999,0,0,0
SHE,1999,0,0,0
TRI,1999,0,0,0
AND,1999,0,0,0
SYR,1999,0,0,0
PHW,1999,0,0,0
BOS,1999,0,0,0
BLB,1999,0,0,0
STL,1999,0,0,0
CIN,1999,0,0,0
SFW,1999,0,0,0
BAL,1999,0,0,0
CHI,1999,0,0,0
SDR,1999,0,0,0
GSW,1999,0,0,0
CAP,1999,0,0,0
BUF,1999,0,0,0
SEA,1999,0,0,0
WSB,1999,0,0,0
KCO,1999,0,0,0
CLE,1999,0,0,0
DEN,1999,0,0,0
KCK,1999,0,0,0
NJN,1999,0,0,0
DAL,1999,0,0,0
LAC,1999,0,0,0
CHH,1999,0,0,0
TOR,1999,0,0,0
NOH,1999,0,0,0
MEM,1999,0,0,0
WAS,1999,0,0,0
OKC,1999,0,0,0
CHA,1999,0,0,0
BRK,1999,0,0,0
NOP,1999,0,0,0
CHO,1999,0,0,0
WSC,2000,0,0,0
INO,2000,0,0,0
FTW,2000,0,0,0
MNL,2000,0,0,0
CHS,2000,0,0,0
ROC,2000,0,0,0
SHE,2000,0,0,0
TRI,2000,0,0,0
AND,2000,0,0,0
SYR,2000,0,0,0
PHW,2000,0,0,0
BOS,2000,0,0,0
BLB,2000,0,0,0
STL,2000,0,0,0
CIN,2000,0,0,0
SFW,2000,0,0,0
BAL,2000,0,0,0
CHI,2000,0,0,0
ATL,2000,0,0,0
SDR,2000,0,0,0
GSW,2000,0,0,0
CAP,2000,0,0,0
BUF,2000,0,0,0
WSB,2000,0,0,0
KCO,2000,0,0,0
HOU,2000,0,0,0
CLE,2000,0,0,0
DEN,2000,0,0,0
KCK,2000,0,0,0
NJN,2000,0,0,0
DAL,2000,0,0,0
LAC,2000,0,0,0
ORL,2000,0,0,0
NOH,2000,0,0,0
MEM,2000,0,0,0
WAS,2000,0,0,0
OKC,2000,0,0,0
CHA,2000,0,0,0
BRK,2000,0,0,0
NOP,2000,0,0,0
CHO,2000,0,0,0
WSC,2001,0,0,0
INO,2001,0,0,0
FTW,2001,0,0,0
MNL,2001,0,0,0
CHS,2001,0,0,0
ROC,2001,0,0,0
SHE,2001,0,0,0
TRI,2001,0,0,0
AND,2001,0,0,0
SYR,2001,0,0,0
PHW,2001,0,0,0
BOS,2001,0,0,0
BLB,2001,0,0,0
STL,2001,0,0,0
CIN,2001,0,0,0
DET,2001,0,0,0
SFW,2001,0,0,0
BAL,2001,0,0,0
CHI,2001,0,0,0
ATL,2001,0,0,0
SDR,2001,0,0,0
GSW,2001,0,0,0
CAP,2001,0,0,0
BUF,2001,0,0,0
SEA,2001,0,0,0
WSB,2001,0,0,0
KCO,2001,0,0,0
HOU,2001,0,0,0
CLE,2001,0,0,0
DEN,2001,0,0,0
KCK,2001,0,0,0
NJN,2001,0,0,0
LAC,2001,0,0,0
NOH,2001,0,0,0
MEM,2001,0,0,0
WAS,2001,0,0,0
OKC,2001,0,0,0
CHA,2001,0,0,0
BRK,2001,0,0,0
NOP,2001,0,0,0
CHO,2001,0,0,0
WSC,2002,0,0,0
INO,2002,0,0,0
FTW,2002,0,0,0
MNL,2002,0,0,0
CHS,2002,0,0,0
ROC,2002,0,0,0
SHE,2002,0,0,0
TRI,2002,0,0,0
AND,2002,0,0,0
SYR,2002,0,0,0
NYK,2002,0,0,0
PHW,2002,0,0,0
BLB,2002,0,0,0
STL,2002,0,0,0
CIN,2002,0,0,0
SFW,2002,0,0,0
BAL,2002,0,0,0
CHI,2002,0,0,0
ATL,2002,0,0,0
SDR,2002,0,0,0
MIL,2002,0,0,0
PHO,2002,0,0,0
GSW,2002,0,0,0
CAP,2002,0,0,0
BUF,2002,0,0,0
WSB,2002,0,0,0
KCO,2002,0,0,0
HOU,2002,0,0,0
CLE,2002,0,0,0
DEN,2002,0,0,0
KCK,2002,0,0,0
MIA,2002,0,0,0
LAC,2002,0,0,0
NOH,2002,0,0,0
MEM,2002,0,0,0
WAS,2002,0,0,0
OKC,2002,0,0,0
CHA,2002,0,0,0
BRK,2002,0,0,0
NOP,2002,0,0,0
CHO,2002,0,0,0
WSC,2003,0,0,0
INO,2003,0,0,0
FTW,2003,0,0,0
MNL,2003,0,0,0
CHS,2003,0,0,0
ROC,2003,0,0,0
SHE,2003,0,0,0
TRI,2003,0,0,0
AND,2003,0,0,0
SYR,2003,0,0,0
NYK,2003,0,0,0
PHW,2003,0,0,0
BLB,2003,0,0,0
STL,2003,0,0,0
CIN,2003,0,0,0
SFW,2003,0,0,0
BAL,2003,0,0,0
CHI,2003,0,0,0
ATL,2003,0,0,0
SDR,2003,0,0,0
GSW,2003,0,0,0
CAP,2003,0,0,0
BUF,2003,0,0,0
SEA,2003,0,0,0
WSB,2003,0,0,0
KCO,2003,0,0,0
HOU,2003,0,0,0
CLE,2003,0,0,0
DEN,2003,0,0,0
KCK,2003,0,0,0
MIA,2003,0,0,0
LAC,2003,0,0,0
CHH,2003,0,0,0
TOR,2003,0,0,0
MEM,2003,0,0,0
WAS,2003,0,0,0
OKC,2003,0,0,0
CHA,2003,0,0,0
BRK,2003,0,0,0
NOP,2003,0,0,0
CHO,2003,0,0,0
WSC,2004,0,0,0
INO,2004,0,0,0
FTW,2004,0,0,0
MNL,2004,0,0,0
CHS,2004,0,0,0
ROC,2004,0,0,0
SHE,2004,0,0,0
TRI,2004,0,0,0
AND,2004,0,0,0
SYR,2004,0,0,0
PHW,2004,0,0,0
BLB,2004,0,0,0
STL,2004,0,0,0
CIN,2004,0,0,0
SFW,2004,0,0,0
PHI,2004,0,0,0
BAL,2004,0,0,0
CHI,2004,0,0,0
ATL,2004,0,0,0
SDR,2004,0,0,0
PHO,2004,0,0,0
GSW,2004,0,0,0
CAP,2004,0,0,0
BUF,2004,0,0,0
SEA,2004,0,0,0
WSB,2004,0,0,0
KCO,2004,0,0,0
CLE,2004,0,0,0
POR,2004,0,0,0
KCK,2004,0,0,0
UTA,2004,0,0,0
LAC,2004,0,0,0
CHH,2004,0,0,0
ORL,2004,0,0,0
TOR,2004,0,0,0
WAS,2004,0,0,0
OKC,2004,0,0,0
CHA,2004,0,0,0
BRK,2004,0,0,0
NOP,2004,0,0,0
CHO,2004,0,0,0
WSC,2005,0,0,0
INO,2005,0,0,0
FTW,2005,0,0,0
MNL,2005,0,0,0
CHS,2005,0,0,0
ROC,2005,0,0,0
SHE,2005,0,0,0
TRI,2005,0,0,0
AND,2005,0,0,0
SYR,2005,0,0,0
NYK,2005,0,0,0
PHW,2005,0,0,0
BLB,2005,0,0,0
STL,2005,0,0,0
CIN,2005,0,0,0
LAL,2005,0,0,0
SFW,2005,0,0,0
BAL,2005,0,0,0
ATL,2005,0,0,0
SDR,2005,0,0,0
MIL,2005,0,0,0
GSW,2005,0,0,0
CAP,2005,0,0,0
BUF,2005,0,0,0
WSB,2005,0,0,0
KCO,2005,0,0,0
CLE,2005,0,0,0
POR,2005,0,0,0
KCK,2005,0,0,0
UTA,2005,0,0,0
LAC,2005,0,0,0
CHH,2005,0,0,0
ORL,2005,0,0,0
MIN,2005,0,0,0
TOR,2005,0,0,0
NOH,2005,0,0,0
OKC,2005,0,0,0
CHA,2005,0,0,0
BRK,2005,0,0,0
NOP,2005,0,0,0
CHO,2005,0,0,0
WSC,2006,0,0,0
INO,2006,0,0,0
FTW,2006,0,0,0
MNL,2006,0,0,0
CHS,2006,0,0,0
ROC,2006,0,0,0
SHE,2006,0,0,0
TRI,2006,0,0,0
AND,2006,0,0,0
SYR,2006,0,0,0
NYK,2006,0,0,0
PHW,2006,0,0,0
BOS,2006,0,0,0
BLB,2006,0,0,0
STL,2006,0,0,0
CIN,2006,0,0,0
SFW,2006,0,0,0
PHI,2006,0,0,0
BAL,2006,0,0,0
ATL,2006,0,0,0
SDR,2006,0,0,0
GSW,2006,0,0,0
CAP,2006,0,0,0
BUF,2006,0,0,0
SEA,2006,0,0,0
WSB,2006,0,0,0
KCO,2006,0,0,0
HOU,2006,0,0,0
POR,2006,0,0,0
KCK,2006,0,0,0
UTA,2006,0,0,0
CHH,2006,0,0,0
ORL,2006,0,0,0
MIN,2006,0,0,0
TOR,2006,0,0,0
NOH,2006,0,0,0
OKC,2006,0,0,0
CHA,2006,0,0,0
BRK,2006,0,0,0
NOP,2006,0,0,0
CHO,2006,0,0,0
WSC,2007,0,0,0
INO,2007,0,0,0
FTW,2007,0,0,0
MNL,2007,0,0,0
CHS,2007,0,0,0
ROC,2007,0,0,0
SHE,2007,0,0,0
TRI,2007,0,0,0
AND,2007,0,0,0
SYR,2007,0,0,0
NYK,2007,0,0,0
PHW,2007,0,0,0
BOS,2007,0,0,0
BLB,2007,0,0,0
STL,2007,0,0,0
CIN,2007,0,0,0
SFW,2007,0,0,0
PHI,2007,0,0,0
BAL,2007,0,0,0
ATL,2007,0,0,0
SDR,2007,0,0,0
MIL,2007,0,0,0
CAP,2007,0,0,0
BUF,2007,0,0,0
SEA,2007,0,0,0
WSB,2007,0,0,0
KCO,2007,0,0,0
POR,2007,0,0,0
KCK,2007,0,0,0
IND,2007,0,0,0
SAC,2007,0,0,0
LAC,2007,0,0,0
CHH,2007,0,0,0
MIN,2007,0,0,0
NOH,2007,0,0,0
MEM,2007,0,0,0
OKC,2007,0,0,0
CHA,2007,0,0,0
BRK,2007,0,0,0
NOP,2007,0,0,0
CHO,2007,0,0,0
WSC,2008,0,0,0
INO,2008,0,0,0
FTW,2008,0,0,0
MNL,2008,0,0,0
CHS,2008,0,0,0
ROC,2008,0,0,0
SHE,2008,0,0,0
TRI,2008,0,0,0
AND,2008,0,0,0
SYR,2008,0,0,0
NYK,2008,0,0,0
PHW,2008,0,0,0
BLB,2008,0,0,0
STL,2008,0,0,0
CIN,2008,0,0,0
SFW,2008,0,0,0
BAL,2008,0,0,0
CHI,2008,0,0,0
SDR,2008,0,0,0
MIL,2008,0,0,0
GSW,2008,0,0,0
CAP,2008,0,0,0
BUF,2008,0,0,0
SEA,2008,0,0,0
WSB,2008,0,0,0
KCO,2008,0,0,0
POR,2008,0,0,0
KCK,2008,0,0,0
NJN,2008,0,0,0
IND,2008,0,0,0
SAC,2008,0,0,0
MIA,2008,0,0,0
LAC,2008,0,0,0
CHH,2008,0,0,0
MIN,2008,0,0,0
MEM,2008,0,0,0
OKC,2008,0,0,0
CHA,2008,0,0,0
BRK,2008,0,0,0
NOP,2008,0,0,0
CHO,2008,0,0,0
WSC,2009,0,0,0
INO,2009,0,0,0
FTW,2009,0,0,0
MNL,2009,0,0,0
CHS,2009,0,0,0
ROC,2009,0,0,0
SHE,2009,0,0,0
TRI,2009,0,0,0
AND,2009,0,0,0
SYR,2009,0,0,0
NYK,2009,0,0,0
PHW,2009,0,0,0
BLB,2009,0,0,0
STL,2009,0,0,0
CIN,2009,0,0,0
SFW,2009,0,0,0
BAL,2009,0,0,0
SDR,2009,0,0,0
MIL,2009,0,0,0
PHO,2009,0,0,0
GSW,2009,0,0,0
CAP,2009,0,0,0
BUF,2009,0,0,0
SEA,2009,0,0,0
WSB,2009,0,0,0
KCO,2009,0,0,0
KCK,2009,0,0,0
NJN,2009,0,0,0
IND,2009,0,0,0
SAC,2009,0,0,0
LAC,2009,0,0,0
CHH,2009,0,0,0
MIN,2009,0,0,0
TOR,2009,0,0,0
MEM,2009,0,0,0
WAS,2009,0,0,0
OKC,2009,0,0,0
CHA,2009,0,0,0
BRK,2009,0,0,0
NOP,2009,0,0,0
CHO,2009,0,0,0
WSC,2010,0,0,0
INO,2010,0,0,0
FTW,2010,0,0,0
MNL,2010,0,0,0
CHS,2010,0,0,0
ROC,2010,0,0,0
SHE,2010,0,0,0
TRI,2010,0,0,0
AND,2010,0,0,0
SYR,2010,0,0,0
NYK,2010,0,0,0
PHW,2010,0,0,0
BLB,2010,0,0,0
STL,2010,0,0,0
CIN,2010,0,0,0
DET,2010,0,0,0
SFW,2010,0,0,0
PHI,2010,0,0,0
BAL,2010,0,0,0
SDR,2010,0,0,0
GSW,2010,0,0,0
CAP,2010,0,0,0
BUF,2010,0,0,0
SEA,2010,0,0,0
WSB,2010,0,0,0
KCO,2010,0,0,0
HOU,2010,0,0,0
KCK,2010,0,0,0
NJN,2010,0,0,0
IND,2010,0,0,0
SAC,2010,0,0,0
LAC,2010,0,0,0
CHH,2010,0,0,0
MIN,2010,0,0,0
TOR,2010,0,0,0
NOH,2010,0,0,0
MEM,2010,0,0,0
WAS,2010,0,0,0
BRK,2010,0,0,0
NOP,2010,0,0,0
CHO,2010,0,0,0
WSC,2011,0,0,0
INO,2011,0,0,0
FTW,2011,0,0,0
MNL,2011,0,0,0
CHS,2011,0,0,0
ROC,2011,0,0,0
SHE,2011,0,0,0
TRI,2011,0,0,0
AND,2011,0,0,0
SYR,2011,0,0,0
PHW,2011,0,0,0
BLB,2011,0,0,0
STL,2011,0,0,0
CIN,2011,0,0,0
DET,2011,0,0,0
SFW,2011,0,0,0
BAL,2011,0,0,0
SDR,2011,0,0,0
MIL,2011,0,0,0
PHO,2011,0,0,0
GSW,2011,0,0,0
CAP,2011,0,0,0
BUF,2011,0,0,0
SEA,2011,0,0,0
WSB,2011,0,0,0
KCO,2011,0,0,0
HOU,2011,0,0,0
CLE,2011,0,0,0
KCK,2011,0,0,0
NJN,2011,0,0,0
UTA,2011,0,0,0
SAC,2011,0,0,0
LAC,2011,0,0,0
CHH,2011,0,0,0
MIN,2011,0,0,0
TOR,2011,0,0,0
WAS,2011,0,0,0
CHA,2011,0,0,0
BRK,2011,0,0,0
NOP,2011,0,0,0
CHO,2011,0,0,0
WSC,2012,0,0,0
INO,2012,0,0,0
FTW,2012,0,0,0
MNL,2012,0,0,0
CHS,2012,0,0,0
ROC,2012,0,0,0
SHE,2012,0,0,0
TRI,2012,0,0,0
AND,2012,0,0,0
SYR,2012,0,0,0
PHW,2012,0,0,0
BLB,2012,0,0,0
STL,2012,0,0,0
CIN,2012,0,0,0
DET,2012,0,0,0
SFW,2012,0,0,0
BAL,2012,0,0,0
SDR,2012,0,0,0
MIL,2012,0,0,0
PHO,2012,0,0,0
GSW,2012,0,0,0
CAP,2012,0,0,0
BUF,2012,0,0,0
SEA,2012,0,0,0
WSB,2012,0,0,0
KCO,2012,0,0,0
HOU,2012,0,0,0
CLE,2012,0,0,0
POR,2012,0,0,0
KCK,2012,0,0,0
NJN,2012,0,0,0
SAC,2012,0,0,0
CHH,2012,0,0,0
MIN,2012,0,0,0
TOR,2012,0,0,0
NOH,2012,0,0,0
WAS,2012,0,0,0
CHA,2012,0,0,0
BRK,2012,0,0,0
NOP,2012,0,0,0
CHO,2012,0,0,0
WSC,2013,0,0,0
INO,2013,0,0,0
FTW,2013,0,0,0
MNL,2013,0,0,0
CHS,2013,0,0,0
ROC,2013,0,0,0
SHE,2013,0,0,0
TRI,2013,0,0,0
AND,2013,0,0,0
SYR,2013,0,0,0
PHW,2013,0,0,0
BLB,2013,0,0,0
STL,2013,0,0,0
CIN,2013,0,0,0
DET,2013,0,0,0
SFW,2013,0,0,0
PHI,2013,0,0,0
BAL,2013,0,0,0
SDR,2013,0,0,0
PHO,2013,0,0,0
CAP,2013,0,0,0
BUF,2013,0,0,0
SEA,2013,0,0,0
WSB,2013,0,0,0
KCO,2013,0,0,0
CLE,2013,0,0,0
POR,2013,0,0,0
KCK,2013,0,0,0
NJN,2013,0,0,0
DAL,2013,0,0,0
UTA,2013,0,0,0
SAC,2013,0,0,0
CHH,2013,0,0,0
ORL,2013,0,0,0
MIN,2013,0,0,0
TOR,2013,0,0,0
NOH,2013,0,0,0
WAS,2013,0,0,0
CHA,2013,0,0,0
NOP,2013,0,0,0
CHO,2013,0,0,0
WSC,2014,0,0,0
INO,2014,0,0,0
FTW,2014,0,0,0
MNL,2014,0,0,0
CHS,2014,0,0,0
ROC,2014,0,0,0
SHE,2014,0,0,0
TRI,2014,0,0,0
AND,2014,0,0,0
SYR,2014,0,0,0
NYK,2014,0,0,0
PHW,2014,0,0,0
BOS,2014,0,0,0
BLB,2014,0,0,0
STL,2014,0,0,0
CIN,2014,0,0,0
DET,2014,0,0,0
LAL,2014,0,0,0
SFW,2014,0,0,0
PHI,2014,0,0,0
BAL,2014,0,0,0
SDR,2014,0,0,0
MIL,2014,0,0,0
PHO,2014,0,0,0
CAP,2014,0,0,0
BUF,2014,0,0,0
SEA,2014,0,0,0
WSB,2014,0,0,0
KCO,2014,0,0,0
CLE,2014,0,0,0
DEN,2014,0,0,0
KCK,2014,0,0,0
NJN,2014,0,0,0
UTA,2014,0,0,0
SAC,2014,0,0,0
CHH,2014,0,0,0
ORL,2014,0,0,0
MIN,2014,0,0,0
NOH,2014,0,0,0
NOP,2014,0,0,0
CHO,2014,0,0,0
WSC,2015,0,0,0
INO,2015,0,0,0
FTW,2015,0,0,0
MNL,2015,0,0,0
CHS,2015,0,0,0
ROC,2015,0,0,0
SHE,2015,0,0,0
TRI,2015,0,0,0
AND,2015,0,0,0
SYR,2015,0,0,0
NYK,2015,0,0,0
PHW,2015,0,0,0
BLB,2015,0,0,0
STL,2015,0,0,0
CIN,2015,0,0,0
DET,2015,0,0,0
LAL,2015,0,0,0
SFW,2015,0,0,0
PHI,2015,0,0,0
BAL,2015,0,0,0
SDR,2015,0,0,0
PHO,2015,0,0,0
CAP,2015,0,0,0
BUF,2015,0,0,0
SEA,2015,0,0,0
WSB,2015,0,0,0
KCO,2015,0,0,0
DEN,2015,0,0,0
KCK,2015,0,0,0
NJN,2015,0,0,0
IND,2015,0,0,0
UTA,2015,0,0,0
SAC,2015,0,0,0
MIA,2015,0,0,0
CHH,2015,0,0,0
ORL,2015,0,0,0
MIN,2015,0,0,0
NOH,2015,0,0,0
OKC,2015,0,0,0
CHA,2015,0,0,0
CHO,2015,0,0,0
WSC,2016,0,0,0
INO,2016,0,0,0
FTW,2016,0,0,0
MNL,2016,0,0,0
CHS,2016,0,0,0
ROC,2016,0,0,0
SHE,2016,0,0,0
TRI,2016,0,0,0
AND,2016,0,0,0
SYR,2016,0,0,0
NYK,2016,0,0,0
PHW,2016,0,0,0
BLB,2016,0,0,0
STL,2016,0,0,0
CIN,2016,0,0,0
LAL,2016,0,0,0
SFW,2016,0,0,0
PHI,2016,0,0,0
BAL,2016,0,0,0
CHI,2016,0,0,0
SDR,2016,0,0,0
MIL,2016,0,0,0
PHO,2016,0,0,0
CAP,2016,0,0,0
BUF,2016,0,0,0
SEA,2016,0,0,0
WSB,2016,0,0,0
KCO,2016,0,0,0
DEN,2016,0,0,0
KCK,2016,0,0,0
NJN,2016,0,0,0
UTA,2016,0,0,0
SAC,2016,0,0,0
CHH,2016,0,0,0
ORL,2016,0,0,0
MIN,2016,0,0,0
NOH,2016,0,0,0
WAS,2016,0,0,0
CHA,2016,0,0,0
BRK,2016,0,0,0
NOP,2016,0,0,0
WSC,2017,0,0,0
INO,2017,0,0,0
FTW,2017,0,0,0
MNL,2017,0,0,0
CHS,2017,0,0,0
ROC,2017,0,0,0
SHE,2017,0,0,0
TRI,2017,0,0,0
AND,2017,0,0,0
SYR,2017,0,0,0
NYK,2017,0,0,0
PHW,2017,0,0,0
BLB,2017,0,0,0
STL,2017,0,0,0
CIN,2017,0,0,0
DET,2017,0,0,0
LAL,2017,0,0,0
SFW,2017,0,0,0
PHI,2017,0,0,0
BAL,2017,0,0,0
SDR,2017,0,0,0
PHO,2017,0,0,0
CAP,2017,0,0,0
BUF,2017,0,0,0
SEA,2017,0,0,0
WSB,2017,0,0,0
KCO,2017,0,0,0
DEN,2017,0,0,0
KCK,2017,0,0,0
NJN,2017,0,0,0
DAL,2017,0,0,0
SAC,2017,0,0,0
MIA,2017,0,0,0
CHH,2017,0,0,0
ORL,2017,0,0,0
MIN,2017,0,0,0
NOH,2017,0,0,0
CHA,2017,0,0,0
BRK,2017,0,0,0
NOP,2017,0,0,0
CHO,2017,0,0,0
WSC,2018,0,0,0
INO,2018,0,0,0
FTW,2018,0,0,0
MNL,2018,0,0,0
CHS,2018,0,0,0
ROC,2018,0,0,0
SHE,2018,0,0,0
TRI,2018,0,0,0
AND,2018,0,0,0
SYR,2018,0,0,0
NYK,2018,0,0,0
PHW,2018,0,0,0
BLB,2018,0,0,0
STL,2018,0,0,0
CIN,2018,0,0,0
DET,2018,0,0,0
LAL,2018,0,0,0
SFW,2018,0,0,0
BAL,2018,0,0,0
CHI,2018,0,0,0
ATL,2018,0,0,0
SDR,2018,0,0,0
PHO,2018,0,0,0
CAP,2018,0,0,0
BUF,2018,0,0,0
SEA,2018,0,0,0
WSB,2018,0,0,0
KCO,2018,0,0,0
DEN,2018,0,0,0
KCK,2018,0,0,0
NJN,2018,0,0,0
DAL,2018,0,0,0
SAC,2018,0,0,0
LAC,2018,0,0,0
CHH,2018,0,0,0
ORL,2018,0,0,0
NOH,2018,0,0,0
MEM,2018,0,0,0
CHA,2018,0,0,0
BRK,2018,0,0,0
CHO,2018,0,0,0
WSC,2019,0,0,0
INO,2019,0,0,0
FTW,2019,0,0,0
MNL,2019,0,0,0
CHS,2019,0,0,0
ROC,2019,0,0,0
SHE,2019,0,0,0
TRI,2019,0,0,0
AND,2019,0,0,0
SYR,2019,0,0,0
NYK,2019,0,0,0
PHW,2019,0,0,0
BLB,2019,0,0,0
STL,2019,0,0,0
CIN,2019,0,0,0
LAL,2019,0,0,0
SFW,2019,0,0,0
BAL,2019,0,0,0
CHI,2019,0,0,0
ATL,2019,0,0,0
SDR,2019,0,0,0
PHO,2019,0,0,0
CAP,2019,0,0,0
BUF,2019,0,0,0
SEA,2019,0,0,0
WSB,2019,0,0,0
KCO,2019,0,0,0
CLE,2019,0,0,0
KCK,2019,0,0,0
NJN,2019,0,0,0
DAL,2019,0,0,0
SAC,2019,0,0,0
MIA,2019,0,0,0
CHH,2019,0,0,0
MIN,2019,0,0,0
NOH,2019,0,0,0
MEM,2019,0,0,0
WAS,2019,0,0,0
CHA,2019,0,0,0
NOP,2019,0,0,0
CHO,2019,0,0,0
WSC,2020,0,0,0
INO,2020,0,0,0
FTW,2020,0,0,0
MNL,2020,0,0,0
CHS,2020,0,0,0
ROC,2020,0,0,0
SHE,2020,0,0,0
TRI,2020,0,0,0
AND,2020,0,0,0
SYR,2020,0,0,0
NYK,2020,0,0,0
PHW,2020,0,0,0
BLB,2020,0,0,0
STL,2020,0,0,0
CIN,2020,0,0,0
DET,2020,0,0,0
SFW,2020,0,0,0
BAL,2020,0,0,0
CHI,2020,0,0,0
ATL,2020,0,0,0
SDR,2020,0,0,0
PHO,2020,0,0,0
GSW,2020,0,0,0
CAP,2020,0,0,0
BUF,2020,0,0,0
SEA,2020,0,0,0
WSB,2020,0,0,0
KCO,2020,0,0,0
CLE,2020,0,0,0
SAS,2020,0,0,0
KCK,2020,0,0,0
NJN,2020,0,0,0
SAC,2020,0,0,0
CHH,2020,0,0,0
MIN,2020,0,0,0
NOH,2020,0,0,0
MEM,2020,0,0,0
WAS,2020,0,0,0
CHA,2020,0,0,0
NOP,2020,0,0,0
CHO,2020,0,0,0
WSC,2021,0,0,0
INO,2021,0,0,0
FTW,2021,0,0,0
MNL,2021,0,0,0
CHS,2021,0,0,0
ROC,2021,0,0,0
SHE,2021,0,0,0
TRI,2021,0,0,0
AND,2021,0,0,0
SYR,2021,0,0,0
PHW,2021,0,0,0
BLB,2021,0,0,0
STL,2021,0,0,0
CIN,2021,0,0,0
DET,2021,0,0,0
SFW,2021,0,0,0
BAL,2021,0,0,0
CHI,2021,0,0,0
SDR,2021,0,0,0
GSW,2021,0,0,0
CAP,2021,0,0,0
BUF,2021,0,0,0
SEA,2021,0,0,0
WSB,2021,0,0,0
KCO,2021,0,0,0
HOU,2021,0,0,0
CLE,2021,0,0,0
SAS,2021,0,0,0
KCK,2021,0,0,0
NJN,2021,0,0,0
IND,2021,0,0,0
SAC,2021,0,0,0
CHH,2021,0,0,0
ORL,2021,0,0,0
MIN,2021,0,0,0
TOR,2021,0,0,0
NOH,2021,0,0,0
OKC,2021,0,0,0
CHA,2021,0,0,0
NOP,2021,0,0,0
CHO,2021,0,0,0
WSC,2022,0,0,0
INO,2022,0,0,0
FTW,2022,0,0,0
MNL,2022,0,0,0
CHS,2022,0,0,0
ROC,2022,0,0,0
SHE,2022,0,0,0
TRI,2022,0,0,0
AND,2022,0,0,0
SYR,2022,0,0,0
NYK,2022,0,0,0
PHW,2022,0,0,0
BLB,2022,0,0,0
STL,2022,0,0,0
CIN,2022,0,0,0
DET,2022,0,0,0
LAL,2022,0,0,0
SFW,2022,0,0,0
BAL,2022,0,0,0
SDR,2022,0,0,0
CAP,2022,0,0,0
BUF,2022,0,0,0
SEA,2022,0,0,0
WSB,2022,0,0,0
KCO,2022,0,0,0
HOU,2022,0,0,0
CLE,2022,0,0,0
SAS,2022,0,0,0
POR,2022,0,0,0
KCK,2022,0,0,0
NJN,2022,0,0,0
IND,2022,0,0,0
SAC,2022,0,0,0
LAC,2022,0,0,0
CHH,2022,0,0,0
ORL,2022,0,0,0
NOH,2022,0,0,0
WAS,2022,0,0,0
OKC,2022,0,0,0
CHA,2022,0,0,0
CHO,2022,0,0,0
WSC,2023,0,0,0
INO,2023,0,0,0
FTW,2023,0,0,0
MNL,2023,0,0,0
CHS,2023,0,0,0
ROC,2023,0,0,0
SHE,2023,0,0,0
TRI,2023,0,0,0
AND,2023,0,0,0
SYR,2023,0,0,0
PHW,2023,0,0,0
BLB,2023,0,0,0
STL,2023,0,0,0
CIN,2023,0,0,0
DET,2023,0,0,0
SFW,2023,0,0,0
BAL,2023,0,0,0
CHI,2023,0,0,0
SDR,2023,0,0,0
CAP,2023,0,0,0
BUF,2023,0,0,0
SEA,2023,0,0,0
WSB,2023,0,0,0
KCO,2023,0,0,0
HOU,2023,0,0,0
SAS,2023,0,0,0
POR,2023,0,0,0
KCK,2023,0,0,0
NJN,2023,0,0,0
IND,2023,0,0,0
DAL,2023,0,0,0
UTA,2023,0,0,0
CHH,2023,0,0,0
ORL,2023,0,0,0
TOR,2023,0,0,0
NOH,2023,0,0,0
WAS,2023,0,0,0
OKC,2023,0,0,0
CHA,2023,0,0,0
NOP,2023,0,0,0
CHO,2023,0,0,0
WSC,2024,0,0,0
INO,2024,0,0,0
FTW,2024,0,0,0
MNL,2024,0,0,0
CHS,2024,0,0,0
ROC,2024,0,0,0
SHE,2024,0,0,0
TRI,2024,0,0,0
AND,2024,0,0,0
SYR,2024,0,0,0
PHW,2024,0,0,0
BLB,2024,0,0,0
STL,2024,0,0,0
CIN,2024,0,0,0
DET,2024,0,0,0
SFW,2024,0,0,0
BAL,2024,0,0,0
CHI,2024,0,0,0
ATL,2024,0,0,0
SDR,2024,0,0,0
GSW,2024,0,0,0
CAP,2024,0,0,0
BUF,2024,0,0,0
SEA,2024,0,0,0
WSB,2024,0,0,0
KCO,2024,0,0,0
HOU,2024,0,0,0
SAS,2024,0,0,0
POR,2024,0,0,0
KCK,2024,0,0,0
NJN,2024,0,0,0
UTA,2024,0,0,0
SAC,2024,0,0,0
CHH,2024,0,0,0
TOR,2024,0,0,0
NOH,2024,0,0,0
MEM,2024,0,0,0
WAS,2024,0,0,0
CHA,2024,0,0,0
BRK,2024,0,0,0
CHO,2024,0,0,0
WSC,2025,0,0,0
INO,2025,0,0,0
FTW,2025,0,0,0
MNL,2025,0,0,0
CHS,2025,0,0,0
ROC,2025,0,0,0
SHE,2025,0,0,0
TRI,2025,0,0,0
AND,2025,0,0,0
SYR,2025,0,0,0
PHW,2025,0,0,0
BLB,2025,0,0,0
STL,2025,0,0,0
CIN,2025,0,0,0
SFW,2025,0,0,0
PHI,2025,0,0,0
BAL,2025,0,0,0
CHI,2025,0,0,0
ATL,2025,0,0,0
SDR,2025,0,0,0
PHO,2025,0,0,0
CAP,2025,0,0,0
BUF,2025,0,0,0
SEA,2025,0,0,0
WSB,2025,0,0,0
KCO,2025,0,0,0
SAS,2025,0,0,0
POR,2025,0,0,0
KCK,2025,0,0,0
NJN,2025,0,0,0
DAL,2025,0,0,0
UTA,2025,0,0,0
SAC,2025,0,0,0
CHH,2025,0,0,0
TOR,2025,0,0,0
NOH,2025,0,0,0
WAS,2025,0,0,0
CHA,2025,0,0,0
BRK,2025,0,0,0
NOP,2025,0,0,0
CHO,2025,0,0,0
