team,season,Win_Inicio,Win_Meio,Win_Fim,Evolucao,Consistencia,Playoff
ATL,2000,0.4074074074074074,0.4074074074074074,0.21428571428571427,-0.1931216931216931,0.11149886151016582,0
ATL,2001,0.3333333333333333,0.3333333333333333,0.25,-0.08333333333333331,0.0481125224324688,0
ATL,2002,0.37037037037037035,0.3333333333333333,0.5,0.12962962962962965,0.08751510418986314,0
ATL,2003,0.4074074074074074,0.3333333333333333,0.5357142857142857,0.1283068783068783,0.10239439548253998,0
ATL,2004,0.25925925925925924,0.4074074074074074,0.35714285714285715,0.0978835978835979,0.07533878765025472,0
ATL,2005,0.18518518518518517,0.18518518518518517,0.10714285714285714,-0.07804232804232804,0.045057759103423176,0
ATL,2006,0.25925925925925924,0.37037037037037035,0.32142857142857145,0.06216931216931221,0.05568662626940532,0
ATL,2007,0.3333333333333333,0.4444444444444444,0.32142857142857145,-0.011904761904761862,0.06784824657794791,0
ATL,2008,0.5555555555555556,0.2962962962962963,0.5,-0.05555555555555558,0.13650212584874064,1
ATL,2009,0.6296296296296297,0.5555555555555556,0.5357142857142857,-0.09391534391534395,0.04949871422838986,1
ATL,2010,0.7407407407407407,0.5185185185185185,0.6785714285714286,-0.062169312169312096,0.11464777468504206,1
ATL,2011,0.5925925925925926,0.6666666666666666,0.35714285714285715,-0.2354497354497354,0.16162123160619157,1
ATL,2012,0.7272727272727273,0.4090909090909091,0.6818181818181818,-0.045454545454545525,0.17208813169091738,1
ATL,2013,0.6666666666666666,0.48148148148148145,0.4642857142857143,-0.20238095238095233,0.11221058855870336,1
ATL,2014,0.5555555555555556,0.37037037037037035,0.4642857142857143,-0.09126984126984128,0.0925957419469444,1
ATL,2015,0.7407407407407407,0.8518518518518519,0.6071428571428571,-0.1335978835978836,0.1225265723599485,1
ATL,2016,0.5555555555555556,0.5555555555555556,0.6428571428571429,0.08730158730158732,0.05040359492925306,1
ATL,2017,0.48148148148148145,0.6666666666666666,0.42857142857142855,-0.05291005291005291,0.12502157741409017,1
ATL,2018,0.2222222222222222,0.4074074074074074,0.25,0.02777777777777779,0.09986845486026812,0
ATL,2019,0.2222222222222222,0.4444444444444444,0.39285714285714285,0.17063492063492064,0.11630437214089559,0
ATL,2020,0.22727272727272727,0.22727272727272727,0.43478260869565216,0.2075098814229249,0.11980588589903302,0
ATL,2021,0.4583333333333333,0.5416666666666666,0.7083333333333334,0.25000000000000006,0.12729376930432892,1
ATL,2022,0.5,0.42857142857142855,0.6785714285714286,0.1785714285714286,0.1287696884094282,1
ATL,2023,0.5185185185185185,0.4642857142857143,0.5357142857142857,0.01719576719576721,0.037280317149784754,1
ATL,2024,0.4444444444444444,0.42857142857142855,0.42857142857142855,-0.015873015873015872,0.009164289987136916,0
ATL,2025,0.5,0.42857142857142855,0.5,0.0,0.04123930494211614,0
BOS,2000,0.4074074074074074,0.4444444444444444,0.42857142857142855,0.021164021164021163,0.018581399916847863,0
BOS,2001,0.4074074074074074,0.48148148148148145,0.42857142857142855,0.021164021164021163,0.03815398175094168,0
BOS,2002,0.6296296296296297,0.5185185185185185,0.6428571428571429,0.013227513227513255,0.06828950580793422,1
BOS,2003,0.6666666666666666,0.48148148148148145,0.4642857142857143,-0.20238095238095233,0.11221058855870336,1
BOS,2004,0.48148148148148145,0.37037037037037035,0.4642857142857143,-0.017195767195767153,0.05980728111266224,1
BOS,2005,0.4444444444444444,0.5555555555555556,0.6428571428571429,0.19841269841269848,0.0994441594138228,1
BOS,2006,0.4074074074074074,0.37037037037037035,0.42857142857142855,0.021164021164021163,0.029459070702804346,0
BOS,2007,0.37037037037037035,0.1111111111111111,0.39285714285714285,0.0224867724867725,0.15657897094499823,0
BOS,2008,0.8888888888888888,0.6666666666666666,0.8571428571428571,-0.031746031746031744,0.1201885364190534,1
BOS,2009,0.9259259259259259,0.6666666666666666,0.6785714285714286,-0.24735449735449733,0.1463678779816829,1
BOS,2010,0.8148148148148148,0.48148148148148145,0.5357142857142857,-0.27910052910052907,0.17886187105802254,1
BOS,2011,0.8518518518518519,0.6296296296296297,0.5714285714285714,-0.28042328042328046,0.14799059397388487,1
BOS,2012,0.5454545454545454,0.5,0.7272727272727273,0.18181818181818188,0.12026142323020868,1
BOS,2013,0.5185185185185185,0.5185185185185185,0.48148148148148145,-0.037037037037037035,0.021383343303319473,1
BOS,2014,0.4444444444444444,0.25925925925925924,0.21428571428571427,-0.23015873015873015,0.12198989960090818,0
BOS,2015,0.37037037037037035,0.4074074074074074,0.6785714285714286,0.30820105820105825,0.16827039785346318,1
BOS,2016,0.5185185185185185,0.6296296296296297,0.6071428571428571,0.0886243386243386,0.058744655566583245,1
BOS,2017,0.5555555555555556,0.7407407407407407,0.6428571428571429,0.08730158730158732,0.09264296941492273,1
BOS,2018,0.8148148148148148,0.6296296296296297,0.5714285714285714,-0.24338624338624337,0.1270943084599398,1
BOS,2019,0.6296296296296297,0.6666666666666666,0.5,-0.12962962962962965,0.08751510418986311,1
BOS,2020,0.7083333333333334,0.6666666666666666,0.625,-0.08333333333333337,0.041666666666666685,1
BOS,2021,0.5416666666666666,0.4166666666666667,0.56,0.018333333333333424,0.078001661900624,1
BOS,2022,0.48148148148148145,0.5925925925925926,0.7857142857142857,0.30423280423280424,0.15394764615386347,1
BOS,2023,0.7777777777777778,0.6296296296296297,0.6785714285714286,-0.09920634920634919,0.0754818667034642,1
BOS,2024,0.7777777777777778,0.7777777777777778,0.7857142857142857,0.007936507936507908,0.004582144993568442,1
BOS,2025,0.7777777777777778,0.6296296296296297,0.8214285714285714,0.04365079365079361,0.10053200125769543,1
BRK,2013,0.5185185185185185,0.6666666666666666,0.6071428571428571,0.0886243386243386,0.07454890016688581,1
BRK,2014,0.3333333333333333,0.6296296296296297,0.6428571428571429,0.3095238095238096,0.17501021444819453,1
BRK,2015,0.4444444444444444,0.4074074074074074,0.5357142857142857,0.09126984126984128,0.06603607733499539,1
BRK,2016,0.25925925925925924,0.25925925925925924,0.25,-0.009259259259259245,0.00534583582582986,0
BRK,2017,0.25925925925925924,0.07407407407407407,0.39285714285714285,0.1335978835978836,0.16008570218097543,0
BRK,2018,0.4074074074074074,0.2962962962962963,0.32142857142857145,-0.08597883597883593,0.058266157275536926,0
BRK,2019,0.3333333333333333,0.7037037037037037,0.5,0.16666666666666669,0.1854935703866262,1
BRK,2020,0.5416666666666666,0.3333333333333333,0.5833333333333334,0.04166666666666674,0.13393959390267995,1
BRK,2021,0.5833333333333334,0.7916666666666666,0.625,0.04166666666666663,0.11023963796102458,1
BRK,2022,0.7037037037037037,0.35714285714285715,0.5714285714285714,-0.13227513227513232,0.17489020285801848,1
BRK,2023,0.5555555555555556,0.6296296296296297,0.4642857142857143,-0.09126984126984128,0.0828208535702304,1
BRK,2024,0.48148148148148145,0.2962962962962963,0.39285714285714285,-0.0886243386243386,0.09262093292665191,0
BRK,2025,0.4074074074074074,0.3333333333333333,0.21428571428571427,-0.1931216931216931,0.09742971176274365,0
CHA,2005,0.25925925925925924,0.18518518518518517,0.21428571428571427,-0.04497354497354497,0.03731940735361345,0
CHA,2006,0.2962962962962963,0.2222222222222222,0.42857142857142855,0.13227513227513227,0.10453362619215127,0
CHA,2007,0.25925925925925924,0.5185185185185185,0.42857142857142855,0.1693121693121693,0.13163868047221935,0
CHA,2008,0.37037037037037035,0.3333333333333333,0.4642857142857143,0.09391534391534395,0.06750353078706044,0
CHA,2009,0.3333333333333333,0.48148148148148145,0.4642857142857143,0.130952380952381,0.08102684152620268,0
CHA,2010,0.4074074074074074,0.5925925925925926,0.6071428571428571,0.1997354497354497,0.11135492272577234,1
CHA,2011,0.3333333333333333,0.5185185185185185,0.39285714285714285,0.059523809523809534,0.09454048343206158,0
CHA,2012,0.13636363636363635,0.18181818181818182,0.0,-0.13636363636363635,0.09462118179391513,0
CHA,2013,0.25925925925925924,0.2222222222222222,0.2857142857142857,0.026455026455026454,0.031892665467416446,0
CHA,2014,0.48148148148148145,0.4074074074074074,0.6785714285714286,0.19708994708994715,0.1401554744249467,1
CHH,2000,0.6296296296296297,0.48148148148148145,0.6785714285714286,0.04894179894179895,0.10262197679453079,1
CHH,2001,0.6666666666666666,0.37037037037037035,0.6428571428571429,-0.023809523809523725,0.16462453735859925,1
CHH,2002,0.4444444444444444,0.5555555555555556,0.6071428571428571,0.16269841269841268,0.08314415412601969,1
CHI,2000,0.07407407407407407,0.37037037037037035,0.17857142857142858,0.1044973544973545,0.15027642661167354,0
CHI,2001,0.1111111111111111,0.2222222222222222,0.21428571428571427,0.10317460317460317,0.061986108538941695,0
CHI,2002,0.14814814814814814,0.37037037037037035,0.25,0.10185185185185186,0.11123963759839567,0
CHI,2003,0.37037037037037035,0.3333333333333333,0.39285714285714285,0.0224867724867725,0.030056837684575424,0
CHI,2004,0.25925925925925924,0.3333333333333333,0.25,-0.009259259259259245,0.04567484131774303,0
CHI,2005,0.37037037037037035,0.7037037037037037,0.6428571428571429,0.27248677248677255,0.1775117161664846,1
CHI,2006,0.4444444444444444,0.4444444444444444,0.6071428571428571,0.16269841269841268,0.09393397236815339,1
CHI,2007,0.5925925925925926,0.48148148148148145,0.7142857142857143,0.12169312169312174,0.11644219287650136,1
CHI,2008,0.37037037037037035,0.4444444444444444,0.39285714285714285,0.0224867724867725,0.03797778533095036,0
CHI,2009,0.48148148148148145,0.4074074074074074,0.6071428571428571,0.12566137566137564,0.10097194302054337,1
CHI,2010,0.37037037037037035,0.6666666666666666,0.4642857142857143,0.09391534391534395,0.15142084670891104,1
CHI,2011,0.6666666666666666,0.7407407407407407,0.8571428571428571,0.19047619047619047,0.09601874842198377,1
CHI,2012,0.7727272727272727,0.8181818181818182,0.6818181818181818,-0.09090909090909094,0.06943296507508853,1
CHI,2013,0.5555555555555556,0.5925925925925926,0.5,-0.05555555555555558,0.04660391626710338,1
CHI,2014,0.4074074074074074,0.6666666666666666,0.6785714285714286,0.2711640211640212,0.1532356644961776,1
CHI,2015,0.6666666666666666,0.5925925925925926,0.5714285714285714,-0.09523809523809523,0.05000863096563606,1
CHI,2016,0.5925925925925926,0.4444444444444444,0.5,-0.09259259259259256,0.07484170156161815,0
CHI,2017,0.5185185185185185,0.4444444444444444,0.5357142857142857,0.01719576719576721,0.04849887762413418,1
CHI,2018,0.25925925925925924,0.4444444444444444,0.2857142857142857,0.026455026455026454,0.1001571136825445,0
CHI,2019,0.2222222222222222,0.2222222222222222,0.35714285714285715,0.13492063492063494,0.0778964648906638,0
CHI,2020,0.3333333333333333,0.36363636363636365,0.3181818181818182,-0.015151515151515138,0.02314432169169617,0
CHI,2021,0.4166666666666667,0.4166666666666667,0.4583333333333333,0.04166666666666663,0.024056261216234387,0
CHI,2022,0.6296296296296297,0.5925925925925926,0.4642857142857143,-0.16534391534391535,0.08676885719599589,1
CHI,2023,0.39285714285714285,0.5357142857142857,0.5357142857142857,0.14285714285714285,0.08247860988423225,0
CHI,2024,0.39285714285714285,0.5357142857142857,0.5,0.10714285714285715,0.07434521426664759,0
CHI,2025,0.4444444444444444,0.35714285714285715,0.6071428571428571,0.16269841269841268,0.12688074495365037,0
CHO,2015,0.2962962962962963,0.5185185185185185,0.39285714285714285,0.09656084656084657,0.11142822388652962,0
CHO,2016,0.5555555555555556,0.48148148148148145,0.7142857142857143,0.15873015873015872,0.11893979047680682,1
CHO,2017,0.5185185185185185,0.37037037037037035,0.42857142857142855,-0.08994708994708994,0.0746388147072269,0
CHO,2018,0.37037037037037035,0.48148148148148145,0.4642857142857143,0.09391534391534395,0.05980728111266224,0
CHO,2019,0.5185185185185185,0.4444444444444444,0.4642857142857143,-0.05423280423280419,0.03834458130731373,0
CHO,2020,0.38095238095238093,0.3181818181818182,0.36363636363636365,-0.017316017316017285,0.032419396736884515,0
CHO,2021,0.4583333333333333,0.5833333333333334,0.32,-0.1383333333333333,0.13172291344305262,0
CHO,2022,0.5185185185185185,0.5,0.5357142857142857,0.01719576719576721,0.017861224956374856,0
CHO,2023,0.25925925925925924,0.2962962962962963,0.42857142857142855,0.1693121693121693,0.08900848593259642,0
CHO,2024,0.25925925925925924,0.2222222222222222,0.2857142857142857,0.026455026455026454,0.031892665467416446,0
CHO,2025,0.25925925925925924,0.25925925925925924,0.17857142857142858,-0.08068783068783067,0.04658514076794598,0
CLE,2000,0.4074074074074074,0.4074074074074074,0.35714285714285715,-0.050264550264550234,0.029020251625933552,0
CLE,2001,0.5555555555555556,0.25925925925925924,0.2857142857142857,-0.2698412698412699,0.16396426162083197,0
CLE,2002,0.4074074074074074,0.2962962962962963,0.35714285714285715,-0.050264550264550234,0.05563947638217762,0
CLE,2003,0.18518518518518517,0.18518518518518517,0.25,0.06481481481481483,0.03742085078080908,0
CLE,2004,0.2962962962962963,0.4444444444444444,0.5357142857142857,0.23941798941798942,0.12082979170586765,0
CLE,2005,0.5925925925925926,0.5555555555555556,0.39285714285714285,-0.1997354497354497,0.10625187487607629,0
CLE,2006,0.6296296296296297,0.5555555555555556,0.6428571428571429,0.013227513227513255,0.04705228067708678,1
CLE,2007,0.5925925925925926,0.5925925925925926,0.6428571428571429,0.050264550264550345,0.029020251625933614,1
CLE,2008,0.4444444444444444,0.6666666666666666,0.5357142857142857,0.09126984126984128,0.11170006419865526,1
CLE,2009,0.8518518518518519,0.7407407407407407,0.8214285714285714,-0.030423280423280463,0.05741919107924238,1
CLE,2010,0.7407407407407407,0.8518518518518519,0.6428571428571429,-0.0978835978835978,0.10456709658935633,1
CLE,2011,0.2962962962962963,0.037037037037037035,0.35714285714285715,0.06084656084656087,0.16999284472399306,0
CLE,2012,0.4090909090909091,0.36363636363636365,0.18181818181818182,-0.2272727272727273,0.12026142323020868,0
CLE,2013,0.18518518518518517,0.4444444444444444,0.25,0.06481481481481483,0.1349227962616938,0
CLE,2014,0.37037037037037035,0.4074074074074074,0.42857142857142855,0.0582010582010582,0.029459070702804346,0
CLE,2015,0.6296296296296297,0.5925925925925926,0.7142857142857143,0.08465608465608465,0.06238003239445291,1
CLE,2016,0.7037037037037037,0.7777777777777778,0.6071428571428571,-0.09656084656084662,0.0855640517181568,1
CLE,2017,0.7777777777777778,0.6296296296296297,0.4642857142857143,-0.3134920634920635,0.15682461435921205,1
CLE,2018,0.7037037037037037,0.48148148148148145,0.6428571428571429,-0.060846560846560815,0.11483838215848474,1
CLE,2019,0.2222222222222222,0.18518518518518517,0.2857142857142857,0.06349206349206349,0.05084139437530714,0
CLE,2020,0.23809523809523808,0.3181818181818182,0.3181818181818182,0.0800865800865801,0.04623800857146354,0
CLE,2021,0.4166666666666667,0.2916666666666667,0.20833333333333334,-0.20833333333333334,0.10485881160098265,0
CLE,2022,0.5714285714285714,0.6785714285714286,0.32142857142857145,-0.24999999999999994,0.18327147998024584,0
CLE,2023,0.6296296296296297,0.5555555555555556,0.6785714285714286,0.04894179894179895,0.06193433773958821,1
CLE,2024,0.5555555555555556,0.7777777777777778,0.42857142857142855,-0.12698412698412703,0.1767544242168261,1
CLE,2025,0.8518518518518519,0.7777777777777778,0.7142857142857143,-0.13756613756613756,0.06885086876875884,1
DAL,2000,0.3333333333333333,0.5185185185185185,0.6071428571428571,0.2738095238095238,0.13971368433184522,0
DAL,2001,0.6296296296296297,0.5925925925925926,0.7142857142857143,0.08465608465608465,0.06238003239445291,1
DAL,2002,0.6666666666666666,0.7037037037037037,0.7142857142857143,0.04761904761904767,0.025004315482818062,1
DAL,2003,0.8518518518518519,0.7037037037037037,0.6428571428571429,-0.20899470899470896,0.10749338441222243,1
DAL,2004,0.5555555555555556,0.7037037037037037,0.6428571428571429,0.08730158730158732,0.07446670946577018,1
DAL,2005,0.6296296296296297,0.7407407407407407,0.75,0.12037037037037035,0.06698313090805771,1
DAL,2006,0.7407407407407407,0.8518518518518519,0.6071428571428571,-0.1335978835978836,0.1225265723599485,1
DAL,2007,0.7407407407407407,0.9259259259259259,0.7857142857142857,0.044973544973545,0.09658802255835283,1
DAL,2008,0.6666666666666666,0.6296296296296297,0.5714285714285714,-0.09523809523809523,0.048009374210991884,1
DAL,2009,0.5925925925925926,0.5925925925925926,0.6428571428571429,0.050264550264550345,0.029020251625933614,1
DAL,2010,0.7037037037037037,0.5185185185185185,0.7857142857142857,0.08201058201058198,0.13687760127276752,1
DAL,2011,0.8148148148148148,0.5925925925925926,0.6785714285714286,-0.13624338624338617,0.11205455262261237,1
DAL,2012,0.6363636363636364,0.45454545454545453,0.5454545454545454,-0.09090909090909094,0.09090909090909091,1
DAL,2013,0.4444444444444444,0.48148148148148145,0.5714285714285714,0.12698412698412698,0.06530338124011859,0
DAL,2014,0.5555555555555556,0.6296296296296297,0.6071428571428571,0.051587301587301515,0.03797778533095035,1
DAL,2015,0.7037037037037037,0.5925925925925926,0.5357142857142857,-0.16798941798941802,0.08544127160620518,1
DAL,2016,0.5555555555555556,0.5185185185185185,0.4642857142857143,-0.09126984126984128,0.04590410855406181,1
DAL,2017,0.25925925925925924,0.5555555555555556,0.39285714285714285,0.1335978835978836,0.148386130975528,0
DAL,2018,0.25925925925925924,0.37037037037037035,0.25,-0.009259259259259245,0.06698313090805773,0
DAL,2019,0.5555555555555556,0.37037037037037035,0.2857142857142857,-0.2698412698412699,0.13800635033149655,0
DAL,2020,0.68,0.56,0.48,-0.20000000000000007,0.10066445913694336,1
DAL,2021,0.4166666666666667,0.7083333333333334,0.625,0.20833333333333331,0.1502313031443329,1
DAL,2022,0.5185185185185185,0.6296296296296297,0.75,0.2314814814814815,0.11577160082414231,1
DAL,2023,0.5185185185185185,0.5185185185185185,0.35714285714285715,-0.16137566137566134,0.09317028153589196,0
DAL,2024,0.5925925925925926,0.5555555555555556,0.6785714285714286,0.08597883597883604,0.06310970258554521,1
DAL,2025,0.6428571428571429,0.42857142857142855,0.35714285714285715,-0.28571428571428575,0.14869042853329523,0
DEN,2000,0.5555555555555556,0.37037037037037035,0.35714285714285715,-0.19841269841269843,0.11093250110590058,0
DEN,2001,0.5185185185185185,0.5185185185185185,0.42857142857142855,-0.08994708994708994,0.05193097659377586,0
DEN,2002,0.3333333333333333,0.25925925925925924,0.39285714285714285,0.059523809523809534,0.06693086837923617,0
DEN,2003,0.2222222222222222,0.2222222222222222,0.17857142857142858,-0.043650793650793634,0.025201797464626512,0
DEN,2004,0.5925925925925926,0.5555555555555556,0.42857142857142855,-0.164021164021164,0.08602291638982151,1
DEN,2005,0.48148148148148145,0.4444444444444444,0.8571428571428571,0.37566137566137564,0.2283320648821468,1
DEN,2006,0.48148148148148145,0.5555555555555556,0.5714285714285714,0.08994708994708994,0.04800937421099189,1
DEN,2007,0.5925925925925926,0.37037037037037035,0.6785714285714286,0.08597883597883604,0.1590403348011181,1
DEN,2008,0.5925925925925926,0.6296296296296297,0.6071428571428571,0.014550264550264536,0.018659703676806756,1
DEN,2009,0.6296296296296297,0.7407407407407407,0.6071428571428571,-0.022486772486772555,0.07153056275822617,1
DEN,2010,0.7037037037037037,0.6296296296296297,0.6071428571428571,-0.09656084656084662,0.05052494511847696,1
DEN,2011,0.5925925925925926,0.5555555555555556,0.6785714285714286,0.08597883597883604,0.06310970258554521,1
DEN,2012,0.6818181818181818,0.4090909090909091,0.6363636363636364,-0.045454545454545414,0.14611592062110534,1
DEN,2013,0.5185185185185185,0.7037037037037037,0.8571428571428571,0.3386243386243386,0.16956000379854036,1
DEN,2014,0.5185185185185185,0.4074074074074074,0.39285714285714285,-0.12566137566137564,0.06873641749943249,0
DEN,2015,0.4444444444444444,0.2962962962962963,0.35714285714285715,-0.08730158730158727,0.07446670946577016,0
DEN,2016,0.4074074074074074,0.4074074074074074,0.39285714285714285,-0.014550264550264536,0.0084005991548755,0
DEN,2017,0.4074074074074074,0.48148148148148145,0.5714285714285714,0.164021164021164,0.08213849045640223,0
DEN,2018,0.5555555555555556,0.5185185185185185,0.6071428571428571,0.051587301587301515,0.04451079493438173,0
DEN,2019,0.6666666666666666,0.7037037037037037,0.6071428571428571,-0.059523809523809534,0.04871485588137186,1
DEN,2020,0.6666666666666666,0.7083333333333334,0.52,-0.1466666666666666,0.09892477501167798,1
DEN,2021,0.5416666666666666,0.7083333333333334,0.7083333333333334,0.16666666666666674,0.09622504486493767,1
DEN,2022,0.5185185185185185,0.5925925925925926,0.6428571428571429,0.12433862433862441,0.06254809744728516,1
DEN,2023,0.6296296296296297,0.7407407407407407,0.5714285714285714,-0.05820105820105825,0.0860229163898215,1
DEN,2024,0.6296296296296297,0.7037037037037037,0.75,0.12037037037037035,0.060717023373166666,1
DEN,2025,0.5925925925925926,0.7037037037037037,0.5357142857142857,-0.05687830687830686,0.08544127160620518,1
DET,2000,0.48148148148148145,0.5185185185185185,0.5357142857142857,0.054232804232804244,0.027714718042006568,1
DET,2001,0.4444444444444444,0.3333333333333333,0.39285714285714285,-0.05158730158730157,0.055602776605776984,0
DET,2002,0.5185185185185185,0.6296296296296297,0.6785714285714286,0.1600529100529101,0.08201413771662593,1
DET,2003,0.6666666666666666,0.7037037037037037,0.4642857142857143,-0.20238095238095233,0.12887381790990796,1
DET,2004,0.5925925925925926,0.6296296296296297,0.75,0.15740740740740744,0.08229809645662584,1
DET,2005,0.5555555555555556,0.7407407407407407,0.6785714285714286,0.12301587301587302,0.09424390449036486,1
DET,2006,0.8888888888888888,0.7777777777777778,0.6785714285714286,-0.21031746031746024,0.10521486971081624,1
DET,2007,0.6666666666666666,0.6296296296296297,0.6428571428571429,-0.023809523809523725,0.018768780117983,1
DET,2008,0.7407407407407407,0.7037037037037037,0.7142857142857143,-0.026455026455026398,0.019076990875470812,1
DET,2009,0.5925925925925926,0.4074074074074074,0.42857142857142855,-0.164021164021164,0.10136107968607416,1
DET,2010,0.4074074074074074,0.2962962962962963,0.2857142857142857,-0.12169312169312169,0.06741275080640702,0
DET,2011,0.2962962962962963,0.4444444444444444,0.35714285714285715,0.06084656084656087,0.07446670946577016,0
DET,2012,0.18181818181818182,0.5454545454545454,0.4090909090909091,0.2272727272727273,0.18370235837851728,0
DET,2013,0.25925925925925924,0.5185185185185185,0.2857142857142857,0.026455026455026454,0.14266104510807157,0
DET,2014,0.48148148148148145,0.3333333333333333,0.25,-0.23148148148148145,0.11724333279767023,0
DET,2015,0.18518518518518517,0.5925925925925926,0.39285714285714285,0.20767195767195767,0.20371658723774022,0
DET,2016,0.5555555555555556,0.4444444444444444,0.6071428571428571,0.051587301587301515,0.08314415412601969,1
DET,2017,0.5185185185185185,0.4074074074074074,0.42857142857142855,-0.08994708994708994,0.05899727930750522,0
DET,2018,0.5185185185185185,0.48148148148148145,0.42857142857142855,-0.08994708994708994,0.04520636902284408,0
DET,2019,0.5185185185185185,0.4074074074074074,0.5714285714285714,0.05291005291005291,0.08371389267235145,1
DET,2020,0.36363636363636365,0.36363636363636365,0.18181818181818182,-0.18181818181818182,0.1049727762162956,0
DET,2021,0.25,0.3333333333333333,0.25,0.0,0.0481125224324688,0
DET,2022,0.14814814814814814,0.2962962962962963,0.39285714285714285,0.2447089947089947,0.12325742910656529,0
DET,2023,0.25925925925925924,0.25925925925925924,0.10714285714285714,-0.1521164021164021,0.08782444571006212,0
DET,2024,0.07407407407407407,0.2222222222222222,0.21428571428571427,0.1402116402116402,0.08333683260198772,0
DET,2025,0.4074074074074074,0.6296296296296297,0.5714285714285714,0.164021164021164,0.11523383579484753,1
GSW,2000,0.2222222222222222,0.3333333333333333,0.14285714285714285,-0.07936507936507936,0.09567799640224933,0
GSW,2001,0.2962962962962963,0.25925925925925924,0.07142857142857142,-0.22486772486772486,0.12056644301699303,0
GSW,2002,0.37037037037037035,0.18518518518518517,0.21428571428571427,-0.15608465608465608,0.0995848160038027,0
GSW,2003,0.3333333333333333,0.5555555555555556,0.5,0.16666666666666669,0.11564811108145183,0
GSW,2004,0.5185185185185185,0.37037037037037035,0.4642857142857143,-0.05423280423280419,0.074954611463001,0
GSW,2005,0.3333333333333333,0.25925925925925924,0.6428571428571429,0.3095238095238096,0.2034859919064203,0
GSW,2006,0.5185185185185185,0.37037037037037035,0.35714285714285715,-0.16137566137566134,0.08959626572421216,0
GSW,2007,0.48148148148148145,0.4444444444444444,0.6071428571428571,0.12566137566137564,0.08527728980623078,1
GSW,2008,0.5555555555555556,0.6666666666666666,0.5357142857142857,-0.019841269841269882,0.07057842101563014,0
GSW,2009,0.25925925925925924,0.4444444444444444,0.35714285714285715,0.0978835978835979,0.09264296941492275,0
GSW,2010,0.25925925925925924,0.2962962962962963,0.39285714285714285,0.1335978835978836,0.06897358637292958,0
GSW,2011,0.3333333333333333,0.5925925925925926,0.39285714285714285,0.059523809523809534,0.13580175335939082,0
GSW,2012,0.36363636363636365,0.5,0.18181818181818182,-0.18181818181818182,0.15963111746746575,0
GSW,2013,0.6666666666666666,0.48148148148148145,0.5714285714285714,-0.09523809523809523,0.09260518936737268,1
GSW,2014,0.5185185185185185,0.6666666666666666,0.6785714285714286,0.1600529100529101,0.08916887645748343,1
GSW,2015,0.8518518518518519,0.7777777777777778,0.8214285714285714,-0.030423280423280463,0.03723335473288508,1
GSW,2016,0.9629629629629629,0.8518518518518519,0.8571428571428571,-0.10582010582010581,0.06267850315314587,1
GSW,2017,0.8518518518518519,0.8518518518518519,0.75,-0.10185185185185186,0.058804194084128555,1
GSW,2018,0.7777777777777778,0.7407407407407407,0.6071428571428571,-0.1706349206349207,0.08975560591071939,1
GSW,2019,0.6666666666666666,0.7777777777777778,0.6428571428571429,-0.023809523809523725,0.07201406131648783,1
GSW,2020,0.19047619047619047,0.22727272727272727,0.2727272727272727,0.08225108225108224,0.04120141857220558,0
GSW,2021,0.5,0.44,0.64,0.14,0.1026320287889377,0
GSW,2022,0.8148148148148148,0.7037037037037037,0.42857142857142855,-0.3862433862433862,0.19884139460407688,1
GSW,2023,0.5185185185185185,0.5185185185185185,0.5714285714285714,0.05291005291005291,0.03054763329045639,1
GSW,2024,0.48148148148148145,0.5714285714285714,0.6071428571428571,0.12566137566137564,0.06475179602031757,0
GSW,2025,0.5555555555555556,0.4642857142857143,0.75,0.19444444444444442,0.14592890904018704,1
HOU,2000,0.3333333333333333,0.4444444444444444,0.4642857142857143,0.130952380952381,0.07057842101563017,0
HOU,2001,0.48148148148148145,0.5555555555555556,0.6071428571428571,0.12566137566137564,0.06316512680809984,0
HOU,2002,0.25925925925925924,0.4444444444444444,0.32142857142857145,0.06216931216931221,0.09424390449036488,0
HOU,2003,0.5555555555555556,0.48148148148148145,0.5357142857142857,-0.019841269841269882,0.03834458130731376,0
HOU,2004,0.5555555555555556,0.5925925925925926,0.5,-0.05555555555555558,0.04660391626710338,1
HOU,2005,0.48148148148148145,0.7037037037037037,0.6785714285714286,0.19708994708994715,0.12169551795815742,1
HOU,2006,0.37037037037037035,0.48148148148148145,0.39285714285714285,0.0224867724867725,0.05874465556658322,0
HOU,2007,0.5925925925925926,0.6666666666666666,0.6428571428571429,0.050264550264550345,0.03781619337282464,1
HOU,2008,0.48148148148148145,0.7777777777777778,0.75,0.26851851851851855,0.16363847088656253,1
HOU,2009,0.6666666666666666,0.5555555555555556,0.7142857142857143,0.04761904761904767,0.08145399110233148,1
HOU,2010,0.5925925925925926,0.4444444444444444,0.5,-0.09259259259259256,0.07484170156161815,0
HOU,2011,0.4444444444444444,0.48148148148148145,0.6428571428571429,0.19841269841269848,0.10549995662583898,0
HOU,2012,0.5454545454545454,0.5454545454545454,0.45454545454545453,-0.09090909090909088,0.052486388108147784,0
HOU,2013,0.5555555555555556,0.5185185185185185,0.5714285714285714,0.015873015873015817,0.027151330367443837,1
HOU,2014,0.6296296296296297,0.7407407407407407,0.6071428571428571,-0.022486772486772555,0.07153056275822617,1
HOU,2015,0.7407407407407407,0.5925925925925926,0.7142857142857143,-0.026455026455026398,0.07901155832311153,1
HOU,2016,0.48148148148148145,0.5185185185185185,0.5,0.018518518518518545,0.018518518518518517,1
HOU,2017,0.7407407407407407,0.6296296296296297,0.6428571428571429,-0.0978835978835978,0.060693004612238984,1
HOU,2018,0.8518518518518519,0.6666666666666666,0.8571428571428571,0.005291005291005235,0.10847636200833707,1
HOU,2019,0.48148148148148145,0.7037037037037037,0.75,0.26851851851851855,0.14354340684238873,1
HOU,2020,0.6666666666666666,0.5833333333333334,0.5833333333333334,-0.08333333333333326,0.048112522432468774,1
HOU,2021,0.4583333333333333,0.08333333333333333,0.16666666666666666,-0.29166666666666663,0.19690898442719199,0
HOU,2022,0.3333333333333333,0.2222222222222222,0.17857142857142858,-0.15476190476190474,0.07979381551246387,0
HOU,2023,0.3333333333333333,0.14814814814814814,0.32142857142857145,-0.011904761904761862,0.10365116276910345,0
HOU,2024,0.5555555555555556,0.3333333333333333,0.6071428571428571,0.051587301587301515,0.14549663287240253,0
HOU,2025,0.6666666666666666,0.5925925925925926,0.6428571428571429,-0.023809523809523725,0.03781619337282464,1
IND,2000,0.6666666666666666,0.7037037037037037,0.6785714285714286,0.011904761904761973,0.018908096686412336,1
IND,2001,0.4444444444444444,0.48148148148148145,0.5714285714285714,0.12698412698412698,0.06530338124011859,1
IND,2002,0.5185185185185185,0.4444444444444444,0.5714285714285714,0.05291005291005291,0.06378533093483289,1
IND,2003,0.7037037037037037,0.6666666666666666,0.39285714285714285,-0.31084656084656087,0.16978858512446968,1
IND,2004,0.7407407407407407,0.7037037037037037,0.7857142857142857,0.044973544973545,0.04106924522820111,1
IND,2005,0.5185185185185185,0.5185185185185185,0.5714285714285714,0.05291005291005291,0.03054763329045639,1
IND,2006,0.5555555555555556,0.5185185185185185,0.42857142857142855,-0.12698412698412703,0.0653033812401186,1
IND,2007,0.5185185185185185,0.5555555555555556,0.21428571428571427,-0.3042328042328042,0.18725848705473996,0
IND,2008,0.5185185185185185,0.25925925925925924,0.5357142857142857,0.01719576719576721,0.15488621607132563,0
IND,2009,0.37037037037037035,0.4074074074074074,0.5357142857142857,0.16534391534391535,0.0867688571959959,0
IND,2010,0.3333333333333333,0.3333333333333333,0.5,0.16666666666666669,0.09622504486493764,0
IND,2011,0.48148148148148145,0.4074074074074074,0.4642857142857143,-0.017195767195767153,0.038768124046965204,1
IND,2012,0.7272727272727273,0.45454545454545453,0.7272727272727273,0.0,0.1574591643244434,1
IND,2013,0.5555555555555556,0.6666666666666666,0.5925925925925926,0.03703703703703698,0.0565750085797017,1
IND,2014,0.8148148148148148,0.7037037037037037,0.5357142857142857,-0.27910052910052907,0.14051288725769626,1
IND,2015,0.2962962962962963,0.48148148148148145,0.6071428571428571,0.3108465608465608,0.1563702436182128,0
IND,2016,0.5925925925925926,0.48148148148148145,0.5714285714285714,-0.021164021164021163,0.058997279307505215,1
IND,2017,0.48148148148148145,0.5925925925925926,0.4642857142857143,-0.017195767195767153,0.06964676164121913,1
IND,2018,0.5925925925925926,0.5185185185185185,0.6428571428571429,0.050264550264550345,0.06254809744728516,1
IND,2019,0.6296296296296297,0.6666666666666666,0.4642857142857143,-0.16534391534391535,0.10775620812769907,1
IND,2020,0.625,0.6666666666666666,0.56,-0.06499999999999995,0.05375699782181674,1
IND,2021,0.5,0.4,0.52,0.020000000000000018,0.06429100507328636,0
IND,2022,0.4074074074074074,0.2962962962962963,0.21428571428571427,-0.1931216931216931,0.09692557533854647,0
IND,2023,0.5185185185185185,0.4074074074074074,0.35714285714285715,-0.16137566137566134,0.08257754750341775,0
IND,2024,0.5185185185185185,0.5925925925925926,0.6071428571428571,0.0886243386243386,0.04752710111963407,1
IND,2025,0.4444444444444444,0.7037037037037037,0.6785714285714286,0.23412698412698418,0.1429816068948388,1
LAC,2000,0.3333333333333333,0.07407407407407407,0.14285714285714285,-0.19047619047619047,0.1343054064444157,0
LAC,2001,0.3333333333333333,0.25925925925925924,0.5357142857142857,0.20238095238095238,0.14310392493382917,0
LAC,2002,0.5555555555555556,0.4074074074074074,0.4642857142857143,-0.09126984126984128,0.07473642520941015,0
LAC,2003,0.4074074074074074,0.2962962962962963,0.2857142857142857,-0.12169312169312169,0.06741275080640702,0
LAC,2004,0.4444444444444444,0.4444444444444444,0.14285714285714285,-0.30158730158730157,0.1741215097556014,0
LAC,2005,0.48148148148148145,0.37037037037037035,0.5,0.018518518518518545,0.07010997957778116,0
LAC,2006,0.5925925925925926,0.5555555555555556,0.5714285714285714,-0.021164021164021163,0.018581399916847836,1
LAC,2007,0.4074074074074074,0.5185185185185185,0.5357142857142857,0.1283068783068783,0.06964676164121916,0
LAC,2008,0.3333333333333333,0.37037037037037035,0.14285714285714285,-0.19047619047619047,0.12207592578957469,0
LAC,2009,0.2962962962962963,0.18518518518518517,0.21428571428571427,-0.082010582010582,0.05761691789742375,0
LAC,2010,0.4444444444444444,0.3333333333333333,0.2857142857142857,-0.15873015873015872,0.0814539911023315,0
LAC,2011,0.2222222222222222,0.5185185185185185,0.42857142857142855,0.20634920634920634,0.15191114132380143,0
LAC,2012,0.6818181818181818,0.5,0.6363636363636364,-0.045454545454545414,0.09462118179391511,1
LAC,2013,0.7777777777777778,0.5925925925925926,0.6785714285714286,-0.09920634920634919,0.09267129434296167,1
LAC,2014,0.6666666666666666,0.6666666666666666,0.75,0.08333333333333337,0.048112522432468836,1
LAC,2015,0.7037037037037037,0.5925925925925926,0.75,0.04629629629629628,0.08089717544494543,1
LAC,2016,0.5925925925925926,0.7407407407407407,0.6071428571428571,0.014550264550264536,0.0816578007092627,1
LAC,2017,0.7407407407407407,0.48148148148148145,0.6428571428571429,-0.0978835978835978,0.1309189738799854,1
LAC,2018,0.4074074074074074,0.6296296296296297,0.5,0.09259259259259262,0.11162432913595759,0
LAC,2019,0.6296296296296297,0.4444444444444444,0.6785714285714286,0.04894179894179895,0.12349379012196518,1
LAC,2020,0.7083333333333334,0.6666666666666666,0.6666666666666666,-0.04166666666666674,0.024056261216234453,1
LAC,2021,0.7083333333333334,0.625,0.625,-0.08333333333333337,0.048112522432468836,1
LAC,2022,0.5714285714285714,0.39285714285714285,0.5357142857142857,-0.0357142857142857,0.0944911182523068,0
LAC,2023,0.5185185185185185,0.5555555555555556,0.5357142857142857,0.01719576719576721,0.018534258868592356,1
LAC,2024,0.6296296296296297,0.7037037037037037,0.5357142857142857,-0.09391534391534395,0.08418977058714056,1
LAC,2025,0.5555555555555556,0.5925925925925926,0.6785714285714286,0.12301587301587302,0.06310970258554521,1
LAL,2000,0.8148148148148148,0.7777777777777778,0.8571428571428571,0.042328042328042326,0.03971192327759328,1
LAL,2001,0.6666666666666666,0.6666666666666666,0.7142857142857143,0.04761904761904767,0.027492869961410784,1
LAL,2002,0.7777777777777778,0.6296296296296297,0.7142857142857143,-0.06349206349206349,0.07432559966739145,1
LAL,2003,0.37037037037037035,0.7037037037037037,0.75,0.37962962962962965,0.2071123341951558,1
LAL,2004,0.7407407407407407,0.5555555555555556,0.75,0.0092592592592593,0.10968738051800529,1
LAL,2005,0.5555555555555556,0.48148148148148145,0.21428571428571427,-0.3412698412698413,0.17951121182143875,0
LAL,2006,0.5555555555555556,0.48148148148148145,0.6071428571428571,0.051587301587301515,0.06316512680809984,1
LAL,2007,0.6666666666666666,0.4444444444444444,0.42857142857142855,-0.23809523809523808,0.13311900132708065,1
LAL,2008,0.6296296296296297,0.7407407407407407,0.7142857142857143,0.08465608465608465,0.05804050325186712,1
LAL,2009,0.8148148148148148,0.8148148148148148,0.75,-0.06481481481481477,0.037420850780809055,1
LAL,2010,0.8518518518518519,0.6666666666666666,0.5714285714285714,-0.28042328042328046,0.14259561926417752,1
LAL,2011,0.7407407407407407,0.6666666666666666,0.6785714285714286,-0.062169312169312096,0.03977795700624879,1
LAL,2012,0.5909090909090909,0.6818181818181818,0.5909090909090909,0.0,0.05248638810814775,1
LAL,2013,0.48148148148148145,0.4444444444444444,0.7142857142857143,0.23280423280423285,0.1462781960475765,1
LAL,2014,0.48148148148148145,0.18518518518518517,0.32142857142857145,-0.16005291005291,0.14830750122092723,0
LAL,2015,0.2962962962962963,0.18518518518518517,0.2857142857142857,-0.010582010582010581,0.06132394585789668,0
LAL,2016,0.14814814814814814,0.25925925925925924,0.21428571428571427,0.06613756613756613,0.055890482813018776,0
LAL,2017,0.37037037037037035,0.2962962962962963,0.2857142857142857,-0.08465608465608465,0.04612591474646215,0
LAL,2018,0.37037037037037035,0.48148148148148145,0.42857142857142855,0.0582010582010582,0.05557654764228829,0
LAL,2019,0.6296296296296297,0.37037037037037035,0.35714285714285715,-0.2724867724867725,0.1536442708543027,0
LAL,2020,0.8695652173913043,0.6666666666666666,0.6666666666666666,-0.2028985507246377,0.1171435328790545,1
LAL,2021,0.75,0.5,0.52,-0.22999999999999998,0.13892443989449804,1
LAL,2022,0.5185185185185185,0.4444444444444444,0.25,-0.2685185185185185,0.13868297493000598,0
LAL,2023,0.4074074074074074,0.5,0.6785714285714286,0.2711640211640212,0.1378350884686119,1
LAL,2024,0.5555555555555556,0.5,0.6785714285714286,0.12301587301587302,0.09138479073765014,1
LAL,2025,0.5555555555555556,0.6666666666666666,0.6071428571428571,0.051587301587301515,0.055602776605776956,1
MEM,2002,0.25925925925925924,0.2962962962962963,0.2857142857142857,0.026455026455026454,0.01907699087547084,0
MEM,2003,0.25925925925925924,0.3333333333333333,0.42857142857142855,0.1693121693121693,0.08487625689958352,0
MEM,2004,0.5555555555555556,0.6296296296296297,0.6428571428571429,0.08730158730158732,0.04705228067708678,1
MEM,2005,0.4444444444444444,0.6666666666666666,0.5357142857142857,0.09126984126984128,0.11170006419865526,1
MEM,2006,0.6296296296296297,0.48148148148148145,0.6785714285714286,0.04894179894179895,0.10262197679453079,1
MEM,2007,0.2222222222222222,0.2962962962962963,0.2857142857142857,0.06349206349206349,0.0400628454730178,0
MEM,2008,0.2962962962962963,0.2222222222222222,0.2857142857142857,-0.010582010582010581,0.0400628454730178,0
MEM,2009,0.3333333333333333,0.2222222222222222,0.32142857142857145,-0.011904761904761862,0.061004510886773576,0
MEM,2010,0.4444444444444444,0.5555555555555556,0.4642857142857143,0.019841269841269882,0.05925866874233367,0
MEM,2011,0.4444444444444444,0.5925925925925926,0.6428571428571429,0.19841269841269848,0.10315198956267689,1
MEM,2012,0.5454545454545454,0.5909090909090909,0.7272727272727273,0.18181818181818188,0.09462118179391514,1
MEM,2013,0.7037037037037037,0.6296296296296297,0.7142857142857143,0.010582010582010581,0.04612591474646215,1
MEM,2014,0.4444444444444444,0.7037037037037037,0.6785714285714286,0.23412698412698418,0.1429816068948388,1
MEM,2015,0.7777777777777778,0.7037037037037037,0.5357142857142857,-0.2420634920634921,0.12403100902350127,1
MEM,2016,0.5185185185185185,0.6666666666666666,0.35714285714285715,-0.16137566137566134,0.15480900412351628,1
MEM,2017,0.6666666666666666,0.5185185185185185,0.39285714285714285,-0.2738095238095238,0.13705857048578002,1
MEM,2018,0.2962962962962963,0.37037037037037035,0.14285714285714285,-0.15343915343915343,0.11604080528815507,0
MEM,2019,0.5925925925925926,0.18518518518518517,0.42857142857142855,-0.164021164021164,0.20498804897153983,0
MEM,2020,0.3333333333333333,0.64,0.4,0.06666666666666671,0.16129108721443605,0
MEM,2021,0.5,0.56,0.56,0.06000000000000005,0.034641016151377574,1
MEM,2022,0.5925925925925926,0.7407407407407407,0.7142857142857143,0.12169312169312174,0.07901155832311153,1
MEM,2023,0.6666666666666666,0.5555555555555556,0.6428571428571429,-0.023809523809523725,0.05850091107803168,1
MEM,2024,0.2962962962962963,0.37037037037037035,0.32142857142857145,0.025132275132275173,0.03766939382512735,0
MEM,2025,0.6785714285714286,0.6428571428571429,0.42857142857142855,-0.25000000000000006,0.1352121034714351,1
MIA,2000,0.6666666666666666,0.5925925925925926,0.6428571428571429,-0.023809523809523725,0.03781619337282464,1
MIA,2001,0.48148148148148145,0.7037037037037037,0.6428571428571429,0.16137566137566145,0.11483838215848474,1
MIA,2002,0.18518518518518517,0.6666666666666666,0.4642857142857143,0.2791005291005291,0.24175730676321475,0
MIA,2003,0.3333333333333333,0.3333333333333333,0.25,-0.08333333333333331,0.0481125224324688,0
MIA,2004,0.37037037037037035,0.4444444444444444,0.7142857142857143,0.34391534391534395,0.18100600502924838,1
MIA,2005,0.7407407407407407,0.7407407407407407,0.6785714285714286,-0.062169312169312096,0.035893469116286214,1
MIA,2006,0.5555555555555556,0.7037037037037037,0.6428571428571429,0.08730158730158732,0.07446670946577018,1
MIA,2007,0.48148148148148145,0.48148148148148145,0.6428571428571429,0.16137566137566145,0.09317028153589203,1
MIA,2008,0.2962962962962963,0.037037037037037035,0.21428571428571427,-0.082010582010582,0.13251301361236184,0
MIA,2009,0.5555555555555556,0.5185185185185185,0.5,-0.05555555555555558,0.02828750428985088,1
MIA,2010,0.5555555555555556,0.4444444444444444,0.7142857142857143,0.15873015873015872,0.13561910706853225,1
MIA,2011,0.7037037037037037,0.7407407407407407,0.6785714285714286,-0.025132275132275117,0.03127404872364253,1
MIA,2012,0.7272727272727273,0.7727272727272727,0.5909090909090909,-0.13636363636363635,0.09462118179391511,1
MIA,2013,0.7407407407407407,0.7407407407407407,0.9285714285714286,0.1878306878306879,0.10844409818112022,1
MIA,2014,0.7777777777777778,0.7037037037037037,0.5,-0.2777777777777778,0.14384173083618573,1
MIA,2015,0.4444444444444444,0.4074074074074074,0.5,0.05555555555555558,0.046603916267103404,0
MIA,2016,0.5925925925925926,0.5185185185185185,0.6428571428571429,0.050264550264550345,0.06254809744728516,1
MIA,2017,0.3333333333333333,0.5555555555555556,0.6071428571428571,0.2738095238095238,0.14549663287240253,0
MIA,2018,0.48148148148148145,0.5925925925925926,0.5357142857142857,0.054232804232804244,0.05556080432079524,1
MIA,2019,0.4074074074074074,0.5185185185185185,0.5,0.09259259259259262,0.05952870840119109,0
MIA,2020,0.75,0.625,0.44,-0.31,0.1559647396048222,1
MIA,2021,0.4166666666666667,0.5833333333333334,0.6666666666666666,0.24999999999999994,0.12729376930432887,1
MIA,2022,0.5925925925925926,0.6666666666666666,0.6785714285714286,0.08597883597883604,0.046585140767946016,1
MIA,2023,0.4642857142857143,0.6428571428571429,0.5,0.0357142857142857,0.09449111825230683,1
MIA,2024,0.5714285714285714,0.5357142857142857,0.5714285714285714,0.0,0.020619652471058052,1
MIA,2025,0.5357142857142857,0.39285714285714285,0.4642857142857143,-0.0714285714285714,0.07142857142857142,1
MIL,2000,0.5555555555555556,0.4444444444444444,0.5357142857142857,-0.019841269841269882,0.05925866874233367,1
MIL,2001,0.5555555555555556,0.7037037037037037,0.6428571428571429,0.08730158730158732,0.07446670946577018,1
MIL,2002,0.6666666666666666,0.5185185185185185,0.32142857142857145,-0.3452380952380952,0.17319625835415337,0
MIL,2003,0.4444444444444444,0.5555555555555556,0.5357142857142857,0.09126984126984128,0.05925866874233367,1
MIL,2004,0.48148148148148145,0.5555555555555556,0.4642857142857143,-0.017195767195767153,0.04849887762413419,1
MIL,2005,0.3333333333333333,0.5185185185185185,0.25,-0.08333333333333331,0.1374410128284711,0
MIL,2006,0.5925925925925926,0.4074074074074074,0.4642857142857143,-0.12830687830687826,0.09486073092194178,1
MIL,2007,0.48148148148148145,0.2222222222222222,0.32142857142857145,-0.16005291005291,0.13081424314074572,0
MIL,2008,0.4074074074074074,0.3333333333333333,0.21428571428571427,-0.1931216931216931,0.09742971176274365,0
MIL,2009,0.4074074074074074,0.5185185185185185,0.32142857142857145,-0.08597883597883593,0.09881167820028441,0
MIL,2010,0.4444444444444444,0.5185185185185185,0.7142857142857143,0.2698412698412699,0.1394190770650559,1
MIL,2011,0.4074074074074074,0.37037037037037035,0.5,0.09259259259259262,0.06676946806414796,0
MIL,2012,0.45454545454545453,0.45454545454545453,0.5,0.04545454545454547,0.026243194054073906,0
MIL,2013,0.5555555555555556,0.4074074074074074,0.42857142857142855,-0.12698412698412703,0.08012569094603564,1
MIL,2014,0.2222222222222222,0.14814814814814814,0.17857142857142858,-0.043650793650793634,0.03723335473288508,0
MIL,2015,0.5185185185185185,0.6296296296296297,0.35714285714285715,-0.16137566137566134,0.1370138826768027,1
MIL,2016,0.37037037037037035,0.4444444444444444,0.39285714285714285,0.0224867724867725,0.03797778533095036,0
MIL,2017,0.48148148148148145,0.4074074074074074,0.6428571428571429,0.16137566137566145,0.12039217198923553,1
MIL,2018,0.5555555555555556,0.5555555555555556,0.5,-0.05555555555555558,0.03207501495497923,1
MIL,2019,0.6666666666666666,0.8518518518518519,0.6785714285714286,0.011904761904761973,0.10365116276910345,1
MIL,2020,0.875,0.8333333333333334,0.6,-0.275,0.14821468413282335,1
MIL,2021,0.6666666666666666,0.625,0.625,-0.04166666666666663,0.024056261216234387,1
MIL,2022,0.6296296296296297,0.5925925925925926,0.6428571428571429,0.013227513227513255,0.026055179369831007,1
MIL,2023,0.7407407407407407,0.6296296296296297,0.75,0.0092592592592593,0.06698313090805771,1
MIL,2024,0.7407407407407407,0.5555555555555556,0.5,-0.2407407407407407,0.1260529497324823,1
MIL,2025,0.5555555555555556,0.5555555555555556,0.6428571428571429,0.08730158730158732,0.05040359492925306,1
MIN,2000,0.48148148148148145,0.6666666666666666,0.6785714285714286,0.19708994708994715,0.11051374229177606,1
MIN,2001,0.5555555555555556,0.6296296296296297,0.5357142857142857,-0.019841269841269882,0.04949871422838986,1
MIN,2002,0.7037037037037037,0.6296296296296297,0.5,-0.20370370370370372,0.10310674745981523,1
MIN,2003,0.5185185185185185,0.7037037037037037,0.6428571428571429,0.12433862433862441,0.0943892210312766,1
MIN,2004,0.6666666666666666,0.7777777777777778,0.6785714285714286,0.011904761904761973,0.06100451088677358,1
MIN,2005,0.5925925925925926,0.4074074074074074,0.6071428571428571,0.014550264550264536,0.11135492272577234,0
MIN,2006,0.5185185185185185,0.3333333333333333,0.35714285714285715,-0.16137566137566134,0.10074931788068486,0
MIN,2007,0.48148148148148145,0.4444444444444444,0.25,-0.23148148148148145,0.12434096962026965,0
MIN,2008,0.14814814814814814,0.25925925925925924,0.39285714285714285,0.2447089947089947,0.12252657235994847,0
MIN,2009,0.14814814814814814,0.5185185185185185,0.21428571428571427,0.06613756613756613,0.19752889580777883,0
MIN,2010,0.18518518518518517,0.2962962962962963,0.07142857142857142,-0.11375661375661375,0.11243645603399273,0
MIN,2011,0.2222222222222222,0.25925925925925924,0.14285714285714285,-0.07936507936507936,0.0594698952384034,0
MIN,2012,0.45454545454545453,0.5454545454545454,0.18181818181818182,-0.2727272727272727,0.18924236358783023,0
MIN,2013,0.5185185185185185,0.2222222222222222,0.39285714285714285,-0.12566137566137564,0.14871592196314962,0
MIN,2014,0.48148148148148145,0.48148148148148145,0.5,0.018518518518518545,0.010691671651659752,0
MIN,2015,0.18518518518518517,0.25925925925925924,0.14285714285714285,-0.042328042328042326,0.05891814140560869,0
MIN,2016,0.4074074074074074,0.2222222222222222,0.42857142857142855,0.021164021164021163,0.11352052939509062,0
MIN,2017,0.2962962962962963,0.4444444444444444,0.39285714285714285,0.09656084656084657,0.07520319205695573,0
MIN,2018,0.5925925925925926,0.5925925925925926,0.5357142857142857,-0.05687830687830686,0.03283870578724061,1
MIN,2019,0.48148148148148145,0.4444444444444444,0.39285714285714285,-0.0886243386243386,0.04451079493438174,0
MIN,2020,0.47619047619047616,0.23809523809523808,0.18181818181818182,-0.29437229437229434,0.1562644644829441,0
MIN,2021,0.25,0.25,0.4583333333333333,0.20833333333333331,0.12028130608117203,0
MIN,2022,0.4444444444444444,0.6071428571428571,0.6428571428571429,0.19841269841269848,0.10576221961714644,1
MIN,2023,0.4642857142857143,0.5714285714285714,0.5,0.0357142857142857,0.05455447255899807,1
MIN,2024,0.7777777777777778,0.6296296296296297,0.6428571428571429,-0.13492063492063489,0.08198213081041596,1
MIN,2025,0.5185185185185185,0.5925925925925926,0.6785714285714286,0.1600529100529101,0.08010021088467031,1
NJN,2000,0.3333333333333333,0.4444444444444444,0.35714285714285715,0.023809523809523836,0.05850091107803169,0
NJN,2001,0.3333333333333333,0.2962962962962963,0.32142857142857145,-0.011904761904761862,0.01890809668641232,0
NJN,2002,0.6666666666666666,0.7037037037037037,0.5357142857142857,-0.13095238095238093,0.08826164960502736,1
NJN,2003,0.6666666666666666,0.6666666666666666,0.4642857142857143,-0.20238095238095233,0.11684469733599566,1
NJN,2004,0.5185185185185185,0.7407407407407407,0.4642857142857143,-0.05423280423280419,0.14648736848649313,1
NJN,2005,0.37037037037037035,0.48148148148148145,0.6785714285714286,0.30820105820105825,0.1560865243663035,1
NJN,2006,0.5555555555555556,0.5925925925925926,0.6428571428571429,0.08730158730158732,0.04381748941377372,1
NJN,2007,0.4074074074074074,0.5185185185185185,0.5714285714285714,0.164021164021164,0.08371389267235145,1
NJN,2008,0.4444444444444444,0.4444444444444444,0.35714285714285715,-0.08730158730158727,0.050403594929253025,0
NJN,2009,0.48148148148148145,0.4074074074074074,0.35714285714285715,-0.1243386243386243,0.06254809744728511,0
NJN,2010,0.07407407407407407,0.1111111111111111,0.25,0.17592592592592593,0.09274678519331309,0
NJN,2011,0.25925925925925924,0.37037037037037035,0.25,-0.009259259259259245,0.06698313090805773,0
NJN,2012,0.3181818181818182,0.36363636363636365,0.3181818181818182,0.0,0.026243194054073906,0
NOH,2003,0.6296296296296297,0.4074074074074074,0.6785714285714286,0.04894179894179895,0.14451524839204338,1
NOH,2004,0.6296296296296297,0.48148148148148145,0.39285714285714285,-0.2367724867724868,0.11962675125068148,1
NOH,2005,0.07407407407407407,0.3333333333333333,0.25,0.17592592592592593,0.13235667680488622,0
NOH,2008,0.6296296296296297,0.7407407407407407,0.6785714285714286,0.04894179894179895,0.05568662626940529,1
NOH,2009,0.6666666666666666,0.5185185185185185,0.6071428571428571,-0.059523809523809534,0.07454890016688581,1
NOH,2010,0.48148148148148145,0.5555555555555556,0.32142857142857145,-0.16005291005291,0.11966574778853345,0
NOH,2011,0.5925925925925926,0.5925925925925926,0.5,-0.09259259259259256,0.053458358258298665,1
NOH,2012,0.18181818181818182,0.2727272727272727,0.5,0.3181818181818182,0.16388869433927225,0
NOH,2013,0.18518518518518517,0.5185185185185185,0.2857142857142857,0.10052910052910052,0.17098490283056597,0
NOP,2014,0.48148148148148145,0.37037037037037035,0.39285714285714285,-0.0886243386243386,0.05874465556658322,0
NOP,2015,0.5185185185185185,0.48148148148148145,0.6428571428571429,0.12433862433862441,0.08453198576016119,1
NOP,2016,0.2962962962962963,0.48148148148148145,0.32142857142857145,0.025132275132275173,0.10045074919398776,0
NOP,2017,0.3333333333333333,0.4444444444444444,0.4642857142857143,0.130952380952381,0.07057842101563017,0
NOP,2018,0.5185185185185185,0.5185185185185185,0.7142857142857143,0.1957671957671958,0.11302624317468866,1
NOP,2019,0.48148148148148145,0.37037037037037035,0.35714285714285715,-0.1243386243386243,0.06828950580793418,0
NOP,2020,0.25,0.5416666666666666,0.4583333333333333,0.20833333333333331,0.15023130314433286,0
NOP,2021,0.4583333333333333,0.4166666666666667,0.4166666666666667,-0.04166666666666663,0.024056261216234387,0
NOP,2022,0.2857142857142857,0.5,0.5714285714285714,0.2857142857142857,0.14869042853329517,1
NOP,2023,0.6666666666666666,0.35714285714285715,0.5,-0.16666666666666663,0.15491445472970738,0
NOP,2024,0.5714285714285714,0.6428571428571429,0.5714285714285714,0.0,0.04123930494211617,1
NOP,2025,0.18518518518518517,0.25925925925925924,0.32142857142857145,0.13624338624338628,0.06820832319763884,0
NYK,2000,0.6296296296296297,0.6296296296296297,0.5714285714285714,-0.05820105820105825,0.03360239661950206,1
NYK,2001,0.5555555555555556,0.5925925925925926,0.6071428571428571,0.051587301587301515,0.026597938504154588,1
NYK,2002,0.4444444444444444,0.2962962962962963,0.35714285714285715,-0.08730158730158727,0.07446670946577016,0
NYK,2003,0.37037037037037035,0.48148148148148145,0.5,0.12962962962962965,0.07010997957778116,0
NYK,2004,0.3333333333333333,0.5925925925925926,0.5,0.16666666666666669,0.13138146082588126,1
NYK,2005,0.5185185185185185,0.25925925925925924,0.42857142857142855,-0.08994708994708994,0.13163868047221935,0
NYK,2006,0.25925925925925924,0.2962962962962963,0.2857142857142857,0.026455026455026454,0.01907699087547084,0
NYK,2007,0.37037037037037035,0.5185185185185185,0.32142857142857145,-0.0489417989417989,0.10262197679453074,0
NYK,2008,0.2962962962962963,0.2962962962962963,0.25,-0.04629629629629628,0.026729179129149332,0
NYK,2009,0.4074074074074074,0.4444444444444444,0.32142857142857145,-0.08597883597883593,0.06310970258554519,0
NYK,2010,0.37037037037037035,0.3333333333333333,0.35714285714285715,-0.013227513227513199,0.01876878011798304,0
NYK,2011,0.5925925925925926,0.4444444444444444,0.5,-0.09259259259259256,0.07484170156161815,1
NYK,2012,0.36363636363636365,0.5454545454545454,0.7272727272727273,0.36363636363636365,0.18181818181818182,1
NYK,2013,0.7407407407407407,0.5185185185185185,0.7142857142857143,-0.026455026455026398,0.12138600922447805,1
NYK,2014,0.3333333333333333,0.4444444444444444,0.5714285714285714,0.23809523809523808,0.11913576983277992,0
NYK,2015,0.18518518518518517,0.18518518518518517,0.25,0.06481481481481483,0.03742085078080908,0
NYK,2016,0.48148148148148145,0.37037037037037035,0.32142857142857145,-0.16005291005291,0.08201413771662587,0
NYK,2017,0.5185185185185185,0.2962962962962963,0.32142857142857145,-0.19708994708994704,0.12169551795815736,0
NYK,2018,0.5185185185185185,0.3333333333333333,0.21428571428571427,-0.3042328042328042,0.1533098646447417,0
NYK,2019,0.2962962962962963,0.07407407407407407,0.25,-0.04629629629629628,0.11724333279767024,0
NYK,2020,0.18181818181818182,0.36363636363636365,0.4090909090909091,0.2272727272727273,0.12026142323020866,0
NYK,2021,0.4583333333333333,0.5416666666666666,0.7083333333333334,0.25000000000000006,0.12729376930432892,1
NYK,2022,0.4444444444444444,0.4444444444444444,0.4642857142857143,0.019841269841269882,0.011455362483921169,0
NYK,2023,0.5185185185185185,0.5185185185185185,0.6785714285714286,0.1600529100529101,0.09240659070363062,1
NYK,2024,0.5925925925925926,0.6296296296296297,0.6071428571428571,0.014550264550264536,0.018659703676806756,1
NYK,2025,0.6296296296296297,0.7037037037037037,0.5357142857142857,-0.09391534391534395,0.08418977058714056,1
OKC,2009,0.1111111111111111,0.37037037037037035,0.35714285714285715,0.24603174603174605,0.14601481127684357,0
OKC,2010,0.48148148148148145,0.7407407407407407,0.6071428571428571,0.12566137566137564,0.12964987424251698,1
OKC,2011,0.7037037037037037,0.5925925925925926,0.7142857142857143,0.010582010582010581,0.06741275080640706,1
OKC,2012,0.8181818181818182,0.6818181818181818,0.6363636363636364,-0.18181818181818188,0.09462118179391517,1
OKC,2013,0.7777777777777778,0.6666666666666666,0.75,-0.02777777777777779,0.057824055540725935,1
OKC,2014,0.8148148148148148,0.7407407407407407,0.6071428571428571,-0.20767195767195767,0.10524812346313547,1
OKC,2015,0.48148148148148145,0.5925925925925926,0.5714285714285714,0.08994708994708994,0.058997279307505215,0
OKC,2016,0.6666666666666666,0.8148148148148148,0.5357142857142857,-0.13095238095238093,0.1396385245440398,1
OKC,2017,0.5925925925925926,0.5555555555555556,0.5714285714285714,-0.021164021164021163,0.018581399916847836,1
OKC,2018,0.48148148148148145,0.6296296296296297,0.6428571428571429,0.16137566137566145,0.08959626572421221,1
OKC,2019,0.6296296296296297,0.6666666666666666,0.5,-0.12962962962962965,0.08751510418986311,1
OKC,2020,0.4583333333333333,0.7083333333333334,0.6666666666666666,0.20833333333333331,0.13393959390267995,1
OKC,2021,0.4166666666666667,0.4166666666666667,0.08333333333333333,-0.33333333333333337,0.1924500897298753,0
OKC,2022,0.2962962962962963,0.3333333333333333,0.25,-0.04629629629629628,0.041752312526137904,0
OKC,2023,0.39285714285714285,0.5714285714285714,0.5,0.10714285714285715,0.08987898137227081,0
OKC,2024,0.6666666666666666,0.7037037037037037,0.7142857142857143,0.04761904761904767,0.025004315482818062,1
OKC,2025,0.8148148148148148,0.8148148148148148,0.8571428571428571,0.042328042328042326,0.02443810663236511,1
ORL,2000,0.5555555555555556,0.37037037037037035,0.5714285714285714,0.015873015873015817,0.11178096562603758,0
ORL,2001,0.4444444444444444,0.5925925925925926,0.5357142857142857,0.09126984126984128,0.07473642520941012,1
ORL,2002,0.48148148148148145,0.5925925925925926,0.5357142857142857,0.054232804232804244,0.05556080432079524,1
ORL,2003,0.5185185185185185,0.4074074074074074,0.6071428571428571,0.0886243386243386,0.10007847111972473,1
ORL,2004,0.2222222222222222,0.25925925925925924,0.2857142857142857,0.06349206349206349,0.031892665467416446,0
ORL,2005,0.5555555555555556,0.48148148148148145,0.2857142857142857,-0.2698412698412699,0.1394190770650559,0
ORL,2006,0.4444444444444444,0.2962962962962963,0.5714285714285714,0.12698412698412698,0.13770173753751772,0
ORL,2007,0.6296296296296297,0.37037037037037035,0.4642857142857143,-0.16534391534391535,0.13125932708170557,1
ORL,2008,0.6666666666666666,0.5555555555555556,0.6785714285714286,0.011904761904761973,0.06784824657794793,1
ORL,2009,0.7777777777777778,0.7037037037037037,0.6785714285714286,-0.09920634920634919,0.05157599478133842,1
ORL,2010,0.7407407407407407,0.5925925925925926,0.8214285714285714,0.0806878306878307,0.116063420185298,1
ORL,2011,0.5925925925925926,0.6666666666666666,0.6428571428571429,0.050264550264550345,0.03781619337282464,1
ORL,2012,0.5909090909090909,0.6818181818181818,0.4090909090909091,-0.18181818181818182,0.13886593015017692,1
ORL,2013,0.4444444444444444,0.1111111111111111,0.17857142857142858,-0.2658730158730158,0.17623396669974967,0
ORL,2014,0.2962962962962963,0.2962962962962963,0.25,-0.04629629629629628,0.026729179129149332,0
ORL,2015,0.37037037037037035,0.2222222222222222,0.32142857142857145,-0.0489417989417989,0.0754818667034642,0
ORL,2016,0.5555555555555556,0.3333333333333333,0.39285714285714285,-0.16269841269841273,0.11503374392194124,0
ORL,2017,0.4074074074074074,0.3333333333333333,0.32142857142857145,-0.08597883597883593,0.046585140767945975,0
ORL,2018,0.4074074074074074,0.25925925925925924,0.25,-0.15740740740740738,0.08832770383490236,0
ORL,2019,0.4444444444444444,0.37037037037037035,0.7142857142857143,0.2698412698412699,0.18100600502924838,1
ORL,2020,0.4583333333333333,0.4166666666666667,0.48,0.021666666666666667,0.03218867985971326,1
ORL,2021,0.375,0.3333333333333333,0.16666666666666666,-0.20833333333333334,0.11023963796102461,0
ORL,2022,0.18518518518518517,0.25925925925925924,0.35714285714285715,0.17195767195767198,0.0862531237402175,0
ORL,2023,0.25925925925925924,0.5555555555555556,0.42857142857142855,0.1693121693121693,0.14865119933478294,0
ORL,2024,0.5925925925925926,0.48148148148148145,0.6428571428571429,0.050264550264550345,0.0825775475034178,1
ORL,2025,0.6296296296296297,0.32142857142857145,0.5714285714285714,-0.05820105820105825,0.16374535894286948,1
PHI,2000,0.5185185185185185,0.5925925925925926,0.6785714285714286,0.1600529100529101,0.08010021088467031,1
PHI,2001,0.7037037037037037,0.7777777777777778,0.5714285714285714,-0.13227513227513232,0.1045336261921513,1
PHI,2002,0.4074074074074074,0.5925925925925926,0.5714285714285714,0.164021164021164,0.10136107968607416,1
PHI,2003,0.6666666666666666,0.4444444444444444,0.6428571428571429,-0.023809523809523725,0.12200902177354715,1
PHI,2004,0.48148148148148145,0.3333333333333333,0.39285714285714285,-0.0886243386243386,0.07454890016688581,0
PHI,2005,0.48148148148148145,0.48148148148148145,0.6071428571428571,0.12566137566137564,0.07255062906483392,1
PHI,2006,0.5185185185185185,0.48148148148148145,0.39285714285714285,-0.12566137566137564,0.06457140342570858,0
PHI,2007,0.25925925925925924,0.4074074074074074,0.6071428571428571,0.34788359788359785,0.17457812069728976,0
PHI,2008,0.4074074074074074,0.4444444444444444,0.6071428571428571,0.1997354497354497,0.10625187487607628,1
PHI,2009,0.4444444444444444,0.5555555555555556,0.5,0.05555555555555558,0.05555555555555558,1
PHI,2010,0.25925925925925924,0.5185185185185185,0.21428571428571427,-0.04497354497354497,0.164213064051201,0
PHI,2011,0.4074074074074074,0.5555555555555556,0.5357142857142857,0.1283068783068783,0.08041994446808146,1
PHI,2012,0.7272727272727273,0.4090909090909091,0.45454545454545453,-0.27272727272727276,0.17208813169091738,1
PHI,2013,0.48148148148148145,0.3333333333333333,0.42857142857142855,-0.05291005291005291,0.07507512047193214,0
PHI,2014,0.2962962962962963,0.25925925925925924,0.14285714285714285,-0.15343915343915343,0.08006743889111934,0
PHI,2015,0.14814814814814814,0.2962962962962963,0.21428571428571427,0.06613756613756613,0.07421566211166951,0
PHI,2016,0.037037037037037035,0.25925925925925924,0.07142857142857142,0.03439153439153439,0.11961456222532446,0
PHI,2017,0.25925925925925924,0.48148148148148145,0.2857142857142857,0.026455026455026454,0.12138600922447805,0
PHI,2018,0.5185185185185185,0.5555555555555556,0.8214285714285714,0.3029100529100529,0.1652345317197482,1
PHI,2019,0.6666666666666666,0.5925925925925926,0.6071428571428571,-0.059523809523809534,0.03924657638707878,1
PHI,2020,0.7083333333333334,0.5833333333333334,0.48,-0.2283333333333334,0.11433786839078361,1
PHI,2021,0.7083333333333334,0.6666666666666666,0.6666666666666666,-0.04166666666666674,0.024056261216234453,1
PHI,2022,0.5555555555555556,0.6296296296296297,0.6785714285714286,0.12301587301587302,0.06193433773958821,1
PHI,2023,0.5555555555555556,0.7407407407407407,0.6785714285714286,0.12301587301587302,0.09424390449036486,1
PHI,2024,0.7037037037037037,0.4642857142857143,0.5714285714285714,-0.13227513227513232,0.11992864275065884,1
PHI,2025,0.37037037037037035,0.37037037037037035,0.14285714285714285,-0.2275132275132275,0.13135482314896246,0
PHO,2000,0.6666666666666666,0.5925925925925926,0.6785714285714286,0.011904761904761973,0.046585140767946016,1
PHO,2001,0.6296296296296297,0.5925925925925926,0.6428571428571429,0.013227513227513255,0.026055179369831007,1
PHO,2002,0.5555555555555556,0.4074074074074074,0.35714285714285715,-0.19841269841269843,0.10315198956267686,0
PHO,2003,0.5925925925925926,0.5185185185185185,0.5,-0.09259259259259256,0.04899539464934426,1
PHO,2004,0.37037037037037035,0.2962962962962963,0.39285714285714285,0.0224867724867725,0.05052494511847693,0
PHO,2005,0.8888888888888888,0.6296296296296297,0.75,-0.13888888888888884,0.1297398120801463,1
PHO,2006,0.6296296296296297,0.7407407407407407,0.6071428571428571,-0.022486772486772555,0.07153056275822617,1
PHO,2007,0.7037037037037037,0.8148148148148148,0.7142857142857143,0.010582010582010581,0.06132394585789665,1
PHO,2008,0.7037037037037037,0.6666666666666666,0.6428571428571429,-0.060846560846560815,0.03066197292894833,1
PHO,2009,0.5925925925925926,0.5555555555555556,0.5357142857142857,-0.05687830687830686,0.028869129691130237,0
PHO,2010,0.6666666666666666,0.5185185185185185,0.7857142857142857,0.11904761904761907,0.13386173675847235,1
PHO,2011,0.48148148148148145,0.5185185185185185,0.4642857142857143,-0.017195767195767153,0.027714718042006543,0
PHO,2012,0.36363636363636365,0.6363636363636364,0.5,0.13636363636363635,0.13636363636363635,0
PHO,2013,0.4074074074074074,0.25925925925925924,0.25,-0.15740740740740738,0.08832770383490236,0
PHO,2014,0.6296296296296297,0.5925925925925926,0.5357142857142857,-0.09391534391534395,0.047305700376316595,0
PHO,2015,0.48148148148148145,0.5925925925925926,0.35714285714285715,-0.1243386243386243,0.1177867780059358,0
PHO,2016,0.4074074074074074,0.1111111111111111,0.32142857142857145,-0.08597883597883593,0.15243429707558415,0
PHO,2017,0.2962962962962963,0.3333333333333333,0.25,-0.04629629629629628,0.041752312526137904,0
PHO,2018,0.3333333333333333,0.3333333333333333,0.10714285714285714,-0.22619047619047616,0.13059113231670105,0
PHO,2019,0.14814814814814814,0.25925925925925924,0.2857142857142857,0.13756613756613756,0.0729954218221336,0
PHO,2020,0.4583333333333333,0.375,0.56,0.10166666666666674,0.09265127769901106,0
PHO,2021,0.625,0.7916666666666666,0.7083333333333334,0.08333333333333337,0.08333333333333331,1
PHO,2022,0.8148148148148148,0.8148148148148148,0.7142857142857143,-0.10052910052910047,0.058040503251867104,1
PHO,2023,0.5925925925925926,0.4444444444444444,0.6071428571428571,0.014550264550264536,0.09002810440152503,1
PHO,2024,0.5185185185185185,0.6666666666666666,0.6071428571428571,0.0886243386243386,0.07454890016688581,1
PHO,2025,0.5185185185185185,0.4444444444444444,0.35714285714285715,-0.16137566137566134,0.08077813202402016,0
POR,2000,0.7407407407407407,0.8518518518518519,0.5714285714285714,-0.1693121693121693,0.14121467457556253,1
POR,2001,0.6296296296296297,0.7777777777777778,0.42857142857142855,-0.2010582010582011,0.17526995765509482,1
POR,2002,0.48148148148148145,0.6296296296296297,0.6785714285714286,0.19708994708994715,0.10262197679453079,1
POR,2003,0.5925925925925926,0.7037037037037037,0.5357142857142857,-0.05687830687830686,0.08544127160620518,1
POR,2004,0.5185185185185185,0.4444444444444444,0.5357142857142857,0.01719576719576721,0.04849887762413418,0
POR,2005,0.48148148148148145,0.3333333333333333,0.17857142857142858,-0.3029100529100529,0.15146705974085012,0
POR,2006,0.3333333333333333,0.3333333333333333,0.10714285714285714,-0.22619047619047616,0.13059113231670105,0
POR,2007,0.4444444444444444,0.37037037037037035,0.35714285714285715,-0.08730158730158727,0.047052280677086764,0
POR,2008,0.5555555555555556,0.5185185185185185,0.42857142857142855,-0.12698412698412703,0.0653033812401186,0
POR,2009,0.6296296296296297,0.6296296296296297,0.7142857142857143,0.08465608465608465,0.04887621326473022,1
POR,2010,0.5925925925925926,0.5185185185185185,0.7142857142857143,0.12169312169312174,0.09884413593793338,1
POR,2011,0.48148148148148145,0.6296296296296297,0.6428571428571429,0.16137566137566145,0.08959626572421221,1
POR,2012,0.5909090909090909,0.36363636363636365,0.3181818181818182,-0.27272727272727276,0.1461159206211054,0
POR,2013,0.5185185185185185,0.4074074074074074,0.2857142857142857,-0.2328042328042328,0.11644219287650133,0
POR,2014,0.8148148148148148,0.5185185185185185,0.6428571428571429,-0.17195767195767186,0.14878453640887687,1
POR,2015,0.7777777777777778,0.5555555555555556,0.5357142857142857,-0.2420634920634921,0.13439439858631827,1
POR,2016,0.4074074074074074,0.5925925925925926,0.6071428571428571,0.1997354497354497,0.11135492272577234,1
POR,2017,0.48148148148148145,0.37037037037037035,0.6428571428571429,0.16137566137566145,0.13701388267680273,1
POR,2018,0.5185185185185185,0.5555555555555556,0.7142857142857143,0.1957671957671958,0.1039966348346072,1
POR,2019,0.5555555555555556,0.6666666666666666,0.7142857142857143,0.15873015873015872,0.08145399110233148,1
POR,2020,0.4,0.52,0.52,0.12,0.06928203230275509,1
POR,2021,0.5833333333333334,0.625,0.5416666666666666,-0.04166666666666674,0.041666666666666685,1
POR,2022,0.4074074074074074,0.37037037037037035,0.21428571428571427,-0.1931216931216931,0.10249402448576991,0
POR,2023,0.5555555555555556,0.4074074074074074,0.25,-0.3055555555555556,0.15280115795662425,0
POR,2024,0.25925925925925924,0.2962962962962963,0.21428571428571427,-0.04497354497354497,0.041069245228201115,0
POR,2025,0.3333333333333333,0.5185185185185185,0.4642857142857143,0.130952380952381,0.09520440811233699,0
SAC,2000,0.6296296296296297,0.5185185185185185,0.4642857142857143,-0.16534391534391535,0.08428669963143176,1
SAC,2001,0.7407407407407407,0.5925925925925926,0.6785714285714286,-0.062169312169312096,0.07439226820443844,1
SAC,2002,0.7037037037037037,0.7777777777777778,0.75,0.04629629629629628,0.03742085078080907,1
SAC,2003,0.7777777777777778,0.5555555555555556,0.8214285714285714,0.04365079365079361,0.1425813033589022,1
SAC,2004,0.7407407407407407,0.7407407407407407,0.5357142857142857,-0.205026455026455,0.11837207900051851,1
SAC,2005,0.6666666666666666,0.5925925925925926,0.5714285714285714,-0.09523809523809523,0.05000863096563606,1
SAC,2006,0.37037037037037035,0.5555555555555556,0.6785714285714286,0.30820105820105825,0.1551420586119814,1
SAC,2007,0.4444444444444444,0.4074074074074074,0.35714285714285715,-0.08730158730158727,0.04381748941377368,0
SAC,2008,0.4074074074074074,0.5555555555555556,0.42857142857142855,0.021164021164021163,0.08012569094603564,0
SAC,2009,0.25925925925925924,0.14814814814814814,0.21428571428571427,-0.04497354497354497,0.055890482813018776,0
SAC,2010,0.48148148148148145,0.18518518518518517,0.25,-0.23148148148148145,0.1557648503820437,0
SAC,2011,0.18518518518518517,0.2962962962962963,0.39285714285714285,0.20767195767195767,0.10392089788568067,0
SAC,2012,0.3181818181818182,0.36363636363636365,0.3181818181818182,0.0,0.026243194054073906,0
SAC,2013,0.3333333333333333,0.37037037037037035,0.32142857142857145,-0.011904761904761862,0.025523731284667183,0
SAC,2014,0.2962962962962963,0.37037037037037035,0.35714285714285715,0.06084656084656087,0.03950577916155577,0
SAC,2015,0.4444444444444444,0.25925925925925924,0.35714285714285715,-0.08730158730158727,0.09264296941492275,0
SAC,2016,0.4074074074074074,0.4444444444444444,0.35714285714285715,-0.050264550264550234,0.04381748941377368,0
SAC,2017,0.37037037037037035,0.4444444444444444,0.35714285714285715,-0.013227513227513199,0.047052280677086764,0
SAC,2018,0.3333333333333333,0.2962962962962963,0.35714285714285715,0.023809523809523836,0.03066197292894835,0
SAC,2019,0.5555555555555556,0.48148148148148145,0.39285714285714285,-0.16269841269841273,0.08145757110413973,0
SAC,2020,0.4583333333333333,0.2916666666666667,0.5416666666666666,0.08333333333333331,0.12729376930432887,0
SAC,2021,0.5,0.4166666666666667,0.375,-0.125,0.06364688465216445,0
SAC,2022,0.4074074074074074,0.2962962962962963,0.39285714285714285,-0.014550264550264536,0.060389549729755555,0
SAC,2023,0.5555555555555556,0.5925925925925926,0.6071428571428571,0.051587301587301515,0.026597938504154588,1
SAC,2024,0.6071428571428571,0.5714285714285714,0.5,-0.1071428571428571,0.05455447255899807,0
SAC,2025,0.48148148148148145,0.5357142857142857,0.42857142857142855,-0.05291005291005291,0.05357278940941468,0
SAS,2000,0.7037037037037037,0.5925925925925926,0.6428571428571429,-0.060846560846560815,0.05563947638217765,1
SAS,2001,0.6296296296296297,0.7037037037037037,0.7857142857142857,0.15608465608465605,0.07807595007076033,1
SAS,2002,0.7407407407407407,0.5555555555555556,0.8214285714285714,0.0806878306878307,0.13631613954492713,1
SAS,2003,0.6296296296296297,0.7407407407407407,0.8214285714285714,0.19179894179894175,0.0963007780417233,1
SAS,2004,0.6296296296296297,0.7037037037037037,0.75,0.12037037037037035,0.060717023373166666,1
SAS,2005,0.7777777777777778,0.7777777777777778,0.6071428571428571,-0.1706349206349207,0.09851611736172189,1
SAS,2006,0.7777777777777778,0.7777777777777778,0.75,-0.02777777777777779,0.016037507477489613,1
SAS,2007,0.7407407407407407,0.5925925925925926,0.7857142857142857,0.044973544973545,0.10104989023695386,1
SAS,2008,0.7407407407407407,0.6296296296296297,0.6785714285714286,-0.062169312169312096,0.05568662626940529,1
SAS,2009,0.6296296296296297,0.7407407407407407,0.6071428571428571,-0.022486772486772555,0.07153056275822617,1
SAS,2010,0.5925925925925926,0.5555555555555556,0.6785714285714286,0.08597883597883604,0.06310970258554521,1
SAS,2011,0.8888888888888888,0.7777777777777778,0.5714285714285714,-0.31746031746031744,0.1610935169062257,1
SAS,2012,0.5909090909090909,0.7727272727272727,0.9090909090909091,0.3181818181818181,0.15963111746746572,1
SAS,2013,0.7037037037037037,0.8518518518518519,0.5714285714285714,-0.13227513227513232,0.14028649294775505,1
SAS,2014,0.7777777777777778,0.6666666666666666,0.8214285714285714,0.04365079365079361,0.0797938155124639,1
SAS,2015,0.6296296296296297,0.6296296296296297,0.75,0.12037037037037035,0.06949586573578828,1
SAS,2016,0.8148148148148148,0.8518518518518519,0.7857142857142857,-0.02910052910052907,0.03314805313794093,1
SAS,2017,0.8148148148148148,0.7037037037037037,0.7142857142857143,-0.10052910052910047,0.06132394585789665,1
SAS,2018,0.7037037037037037,0.5555555555555556,0.4642857142857143,-0.23941798941798942,0.12082979170586765,1
SAS,2019,0.48148148148148145,0.7037037037037037,0.5714285714285714,0.08994708994708994,0.11178096562603758,1
SAS,2020,0.391304347826087,0.5,0.4583333333333333,0.06702898550724634,0.054838764894239486,0
SAS,2021,0.5833333333333334,0.4166666666666667,0.36,-0.22333333333333338,0.11609383178178669,0
SAS,2022,0.37037037037037035,0.35714285714285715,0.5,0.12962962962962965,0.07893770882728261,0
SAS,2023,0.3333333333333333,0.18518518518518517,0.2857142857142857,-0.047619047619047616,0.07563238674564926,0
SAS,2024,0.14814814814814814,0.25925925925925924,0.39285714285714285,0.2447089947089947,0.12252657235994847,0
SAS,2025,0.5185185185185185,0.37037037037037035,0.35714285714285715,-0.16137566137566134,0.08959626572421216,0
SEA,2000,0.6666666666666666,0.5555555555555556,0.42857142857142855,-0.23809523809523808,0.11913576983277992,1
SEA,2001,0.5555555555555556,0.48148148148148145,0.5714285714285714,0.015873015873015817,0.04800937421099189,0
SEA,2002,0.4444444444444444,0.5925925925925926,0.6071428571428571,0.16269841269841268,0.09002810440152503,1
SEA,2003,0.5185185185185185,0.3333333333333333,0.6071428571428571,0.0886243386243386,0.13971368433184522,0
SEA,2004,0.48148148148148145,0.4444444444444444,0.42857142857142855,-0.05291005291005291,0.02715133036744383,0
SEA,2005,0.7777777777777778,0.6296296296296297,0.5,-0.2777777777777778,0.13899173147157656,1
SEA,2006,0.4444444444444444,0.2962962962962963,0.5357142857142857,0.09126984126984128,0.12082979170586765,0
SEA,2007,0.37037037037037035,0.4074074074074074,0.35714285714285715,-0.013227513227513199,0.026055179369830955,0
SEA,2008,0.2962962962962963,0.25925925925925924,0.17857142857142858,-0.1177248677248677,0.06019608599461774,0
TOR,2000,0.5555555555555556,0.5185185185185185,0.5714285714285714,0.015873015873015817,0.027151330367443837,1
TOR,2001,0.5185185185185185,0.5185185185185185,0.6785714285714286,0.1600529100529101,0.09240659070363062,1
TOR,2002,0.5555555555555556,0.5185185185185185,0.4642857142857143,-0.09126984126984128,0.04590410855406181,1
TOR,2003,0.2962962962962963,0.3333333333333333,0.25,-0.04629629629629628,0.041752312526137904,0
TOR,2004,0.5185185185185185,0.4074074074074074,0.2857142857142857,-0.2328042328042328,0.11644219287650133,0
TOR,2005,0.3333333333333333,0.48148148148148145,0.39285714285714285,0.059523809523809534,0.07454890016688581,0
TOR,2006,0.2222222222222222,0.5185185185185185,0.25,0.02777777777777779,0.1636384708865625,0
TOR,2007,0.4444444444444444,0.6296296296296297,0.6428571428571429,0.19841269841269848,0.1109325011059006,1
TOR,2008,0.5555555555555556,0.5555555555555556,0.39285714285714285,-0.16269841269841273,0.09393397236815342,1
TOR,2009,0.37037037037037035,0.37037037037037035,0.4642857142857143,0.09391534391534395,0.05422204909056011,0
TOR,2010,0.4074074074074074,0.7037037037037037,0.35714285714285715,-0.050264550264550234,0.18727094479264117,0
TOR,2011,0.37037037037037035,0.14814814814814814,0.2857142857142857,-0.08465608465608465,0.11215600067431848,0
TOR,2012,0.3181818181818182,0.36363636363636365,0.36363636363636365,0.04545454545454547,0.026243194054073906,0
TOR,2013,0.2962962962962963,0.5185185185185185,0.42857142857142855,0.13227513227513227,0.11178096562603755,0
TOR,2014,0.4444444444444444,0.6296296296296297,0.6785714285714286,0.23412698412698418,0.12349379012196518,1
TOR,2015,0.7777777777777778,0.5925925925925926,0.42857142857142855,-0.34920634920634924,0.17471003090118384,1
TOR,2016,0.5925925925925926,0.7407407407407407,0.7142857142857143,0.12169312169312174,0.07901155832311153,1
TOR,2017,0.7037037037037037,0.48148148148148145,0.6785714285714286,-0.025132275132275117,0.12169551795815742,1
TOR,2018,0.7037037037037037,0.7037037037037037,0.75,0.04629629629629628,0.026729179129149332,1
TOR,2019,0.7777777777777778,0.6296296296296297,0.7142857142857143,-0.06349206349206349,0.07432559966739145,1
TOR,2020,0.6666666666666666,0.75,0.7916666666666666,0.125,0.06364688465216445,1
TOR,2021,0.4583333333333333,0.2916666666666667,0.375,-0.08333333333333331,0.08333333333333331,0
TOR,2022,0.48148148148148145,0.6666666666666666,0.6071428571428571,0.12566137566137564,0.09454048343206158,1
TOR,2023,0.48148148148148145,0.42857142857142855,0.5714285714285714,0.08994708994708994,0.07222432179697802,0
TOR,2024,0.4074074074074074,0.2962962962962963,0.21428571428571427,-0.1931216931216931,0.09692557533854647,0
TOR,2025,0.25925925925925924,0.37037037037037035,0.4642857142857143,0.20502645502645506,0.1026333426132382,0
UTA,2000,0.6296296296296297,0.6296296296296297,0.75,0.12037037037037035,0.06949586573578828,1
UTA,2001,0.7037037037037037,0.6666666666666666,0.5714285714285714,-0.13227513227513232,0.06823824381711856,1
UTA,2002,0.4444444444444444,0.6666666666666666,0.5,0.05555555555555558,0.11564811108145182,1
UTA,2003,0.5555555555555556,0.6296296296296297,0.5357142857142857,-0.019841269841269882,0.04949871422838986,1
UTA,2004,0.5185185185185185,0.4444444444444444,0.5714285714285714,0.05291005291005291,0.06378533093483289,0
UTA,2005,0.4074074074074074,0.2222222222222222,0.32142857142857145,-0.08597883597883593,0.09267129434296165,0
UTA,2006,0.4074074074074074,0.5555555555555556,0.5357142857142857,0.1283068783068783,0.08041994446808146,0
UTA,2007,0.7037037037037037,0.6296296296296297,0.5357142857142857,-0.16798941798941802,0.08418977058714056,1
UTA,2008,0.5185185185185185,0.7777777777777778,0.6785714285714286,0.1600529100529101,0.13081424314074575,1
UTA,2009,0.5925925925925926,0.5555555555555556,0.6071428571428571,0.014550264550264536,0.026597938504154588,1
UTA,2010,0.5925925925925926,0.7037037037037037,0.6428571428571429,0.050264550264550345,0.05563947638217765,1
UTA,2011,0.6666666666666666,0.48148148148148145,0.2857142857142857,-0.38095238095238093,0.1905006842961948,0
UTA,2012,0.5909090909090909,0.4090909090909091,0.6363636363636364,0.045454545454545414,0.12026142323020865,1
UTA,2013,0.5185185185185185,0.5925925925925926,0.4642857142857143,-0.05423280423280419,0.06440861811608384,0
UTA,2014,0.2222222222222222,0.48148148148148145,0.21428571428571427,-0.007936507936507936,0.15202627496435206,0
UTA,2015,0.2962962962962963,0.4444444444444444,0.6428571428571429,0.3465608465608466,0.17388688519652884,0
UTA,2016,0.4444444444444444,0.5555555555555556,0.4642857142857143,0.019841269841269882,0.05925866874233367,0
UTA,2017,0.6296296296296297,0.6296296296296297,0.6071428571428571,-0.022486772486772555,0.012982744148444005,1
UTA,2018,0.48148148148148145,0.48148148148148145,0.7857142857142857,0.30423280423280424,0.17564889142012424,1
UTA,2019,0.48148148148148145,0.6296296296296297,0.7142857142857143,0.23280423280423285,0.11783628281121743,1
UTA,2020,0.5416666666666666,0.7916666666666666,0.5,-0.04166666666666663,0.15774745405000756,1
UTA,2021,0.7916666666666666,0.75,0.625,-0.16666666666666663,0.08673608331108884,1
UTA,2022,0.7407407407407407,0.48148148148148145,0.5714285714285714,-0.1693121693121693,0.13163868047221935,1
UTA,2023,0.5555555555555556,0.4444444444444444,0.35714285714285715,-0.19841269841269843,0.09944415941382276,0
UTA,2024,0.37037037037037035,0.5925925925925926,0.17857142857142858,-0.19179894179894177,0.20719679630004584,0
UTA,2025,0.25925925925925924,0.2222222222222222,0.14285714285714285,-0.1164021164021164,0.0594698952384034,0
WAS,2000,0.3333333333333333,0.25925925925925924,0.4642857142857143,0.130952380952381,0.10381982934210587,0
WAS,2001,0.18518518518518517,0.2962962962962963,0.21428571428571427,0.0291005291005291,0.05761691789742375,0
WAS,2002,0.5185185185185185,0.48148148148148145,0.35714285714285715,-0.16137566137566134,0.08453198576016113,0
WAS,2003,0.4444444444444444,0.5185185185185185,0.39285714285714285,-0.05158730158730157,0.06316512680809983,0
WAS,2004,0.2962962962962963,0.2962962962962963,0.32142857142857145,0.025132275132275173,0.014510125812966807,0
WAS,2005,0.5555555555555556,0.5925925925925926,0.5,-0.05555555555555558,0.04660391626710338,1
WAS,2006,0.4444444444444444,0.6296296296296297,0.4642857142857143,0.019841269841269882,0.1016741848112893,1
WAS,2007,0.5555555555555556,0.5925925925925926,0.35714285714285715,-0.19841269841269843,0.12660695012994722,1
WAS,2008,0.5185185185185185,0.4074074074074074,0.6428571428571429,0.12433862433862441,0.11778677800593586,1
WAS,2009,0.14814814814814814,0.2962962962962963,0.25,0.10185185185185186,0.07579030344326342,0
WAS,2010,0.37037037037037035,0.37037037037037035,0.21428571428571427,-0.15608465608465608,0.09011551820684635,0
WAS,2011,0.25925925925925924,0.2962962962962963,0.2857142857142857,0.026455026455026454,0.01907699087547084,0
WAS,2012,0.18181818181818182,0.2727272727272727,0.45454545454545453,0.2727272727272727,0.13886593015017695,0
WAS,2013,0.14814814814814814,0.48148148148148145,0.42857142857142855,0.2804232804232804,0.1791404481654034,0
WAS,2014,0.48148148148148145,0.48148148148148145,0.6428571428571429,0.16137566137566145,0.09317028153589203,1
WAS,2015,0.7037037037037037,0.5185185185185185,0.4642857142857143,-0.23941798941798942,0.1255359998327024,1
WAS,2016,0.48148148148148145,0.4444444444444444,0.5714285714285714,0.08994708994708994,0.06530338124011859,0
WAS,2017,0.4444444444444444,0.7777777777777778,0.5714285714285714,0.12698412698412698,0.16823400101147776,1
WAS,2018,0.5185185185185185,0.6296296296296297,0.42857142857142855,-0.08994708994708994,0.10071457873205812,1
WAS,2019,0.4074074074074074,0.4074074074074074,0.35714285714285715,-0.050264550264550234,0.029020251625933552,0
WAS,2020,0.2916666666666667,0.4166666666666667,0.3333333333333333,0.04166666666666663,0.06364688465216445,0
WAS,2021,0.2916666666666667,0.4,0.72,0.4283333333333333,0.22271265326856918,1
WAS,2022,0.5555555555555556,0.37037037037037035,0.35714285714285715,-0.19841269841269843,0.11093250110590058,0
WAS,2023,0.4074074074074074,0.5185185185185185,0.35714285714285715,-0.050264550264550234,0.08257754750341775,0
WAS,2024,0.18518518518518517,0.14814814814814814,0.21428571428571427,0.0291005291005291,0.03314805313794092,0
WAS,2025,0.14814814814814814,0.18518518518518517,0.32142857142857145,0.1732804232804233,0.09125066894712795,0
