G,Date,Start (ET),Unnamed: 3,Unnamed: 4,Unnamed: 5,Opponent,Unnamed: 7,Unnamed: 8,Tm,Opp,W,L,Streak,Attend.,LOG,Notes,is_playoff,team,season
1,"Wed, Nov 1, 2006",7:00p,,Box Score,,Atlanta Hawks,W,,88,75,1,0,W 1,17119,,,False,PHI,2007
2,"Fri, Nov 3, 2006",7:00p,,Box Score,@,Orlando Magic,W,,105,103,2,0,W 2,17451,,,False,PHI,2007
3,"Sun, Nov 5, 2006",2:00p,,Box Score,,Miami Heat,W,,107,98,3,0,W 3,16644,,,False,PHI,2007
4,"Tue, Nov 7, 2006",7:00p,,Box Score,@,Indiana Pacers,L,,86,97,3,1,L 1,15811,,,False,PHI,2007
5,"Wed, Nov 8, 2006",7:00p,,Box Score,@,Toronto Raptors,L,,104,106,3,2,L 2,15831,,,False,PHI,2007
6,"Fri, Nov 10, 2006",7:00p,,Box Score,,Denver Nuggets,L,,101,108,3,3,L 3,16374,,,False,PHI,2007
7,"Wed, Nov 15, 2006",10:00p,,Box Score,@,Seattle SuperSonics,W,,96,90,4,3,W 1,14936,,,False,PHI,2007
8,"Fri, Nov 17, 2006",10:30p,,Box Score,@,Phoenix Suns,L,,94,106,4,4,L 1,18422,,,False,PHI,2007
9,"Sat, Nov 18, 2006",10:30p,,Box Score,@,Los Angeles Clippers,L,OT,97,103,4,5,L 2,18470,,,False,PHI,2007
10,"Tue, Nov 21, 2006",7:00p,,Box Score,,Detroit Pistons,L,,87,97,4,6,L 3,13567,,,False,PHI,2007
11,"Wed, Nov 22, 2006",8:00p,,Box Score,@,Milwaukee Bucks,L,,94,98,4,7,L 4,15936,,,False,PHI,2007
12,"Fri, Nov 24, 2006",7:30p,,Box Score,,Chicago Bulls,W,,123,108,5,7,W 1,16795,,,False,PHI,2007
13,"Sat, Nov 25, 2006",7:30p,,Box Score,@,Cleveland Cavaliers,L,,95,108,5,8,L 1,20562,,,False,PHI,2007
14,"Mon, Nov 27, 2006",7:30p,,Box Score,@,Miami Heat,L,,91,103,5,9,L 2,19600,,,False,PHI,2007
15,"Sat, Dec 2, 2006",7:30p,,Box Score,@,New Jersey Nets,L,,107,112,5,10,L 3,18885,,,False,PHI,2007
16,"Sun, Dec 3, 2006",6:00p,,Box Score,,Minnesota Timberwolves,L,,84,95,5,11,L 4,13039,,,False,PHI,2007
17,"Wed, Dec 6, 2006",9:00p,,Box Score,@,Chicago Bulls,L,,94,121,5,12,L 5,21908,,,False,PHI,2007
18,"Fri, Dec 8, 2006",8:00p,,Box Score,,Washington Wizards,L,,98,113,5,13,L 6,15080,,,False,PHI,2007
19,"Sat, Dec 9, 2006",7:00p,,Box Score,@,Orlando Magic,L,,84,86,5,14,L 7,17451,,,False,PHI,2007
20,"Mon, Dec 11, 2006",7:00p,,Box Score,,Portland Trail Blazers,L,,79,81,5,15,L 8,11348,,,False,PHI,2007
21,"Wed, Dec 13, 2006",7:00p,,Box Score,,Boston Celtics,L,,81,101,5,16,L 9,13211,2:20,,False,PHI,2007
22,"Fri, Dec 15, 2006",8:00p,,Box Score,@,Dallas Mavericks,L,,79,93,5,17,L 10,20219,,,False,PHI,2007
23,"Sat, Dec 16, 2006",8:00p,,Box Score,@,San Antonio Spurs,L,,98,103,5,18,L 11,18797,,,False,PHI,2007
24,"Wed, Dec 20, 2006",7:00p,,Box Score,,Indiana Pacers,L,,93,101,5,19,L 12,11768,,,False,PHI,2007
25,"Fri, Dec 22, 2006",8:00p,,Box Score,@,Boston Celtics,W,,98,83,6,19,W 1,18624,2:15,,False,PHI,2007
26,"Sat, Dec 23, 2006",7:30p,,Box Score,,New York Knicks,W,,98,77,7,19,W 2,13921,,,False,PHI,2007
27,"Tue, Dec 26, 2006",10:30p,,Box Score,@,Golden State Warriors,L,,97,116,7,20,L 1,19183,,,False,PHI,2007
28,"Wed, Dec 27, 2006",10:00p,,Box Score,@,Sacramento Kings,L,,76,101,7,21,L 2,17317,,,False,PHI,2007
29,"Fri, Dec 29, 2006",10:00p,,Box Score,@,Portland Trail Blazers,W,,98,95,8,21,W 1,19980,,,False,PHI,2007
30,"Sun, Dec 31, 2006",9:30p,,Box Score,@,Los Angeles Lakers,L,,94,104,8,22,L 1,18997,,,False,PHI,2007
31,"Tue, Jan 2, 2007",9:00p,,Box Score,@,Denver Nuggets,W,,108,97,9,22,W 1,17436,,,False,PHI,2007
32,"Wed, Jan 3, 2007",9:00p,,Box Score,@,Utah Jazz,L,,87,98,9,23,L 1,19911,,,False,PHI,2007
33,"Fri, Jan 5, 2007",8:00p,,Box Score,@,Minnesota Timberwolves,L,OT,102,104,9,24,L 2,14577,,,False,PHI,2007
34,"Tue, Jan 9, 2007",7:00p,,Box Score,,Detroit Pistons,L,,89,98,9,25,L 3,13385,,,False,PHI,2007
35,"Wed, Jan 10, 2007",7:30p,,Box Score,@,New York Knicks,L,,99,106,9,26,L 4,18931,,,False,PHI,2007
36,"Fri, Jan 12, 2007",7:00p,,Box Score,,Milwaukee Bucks,W,,110,97,10,26,W 1,14261,,,False,PHI,2007
37,"Sat, Jan 13, 2007",7:00p,,Box Score,@,Charlotte Bobcats,L,,83,89,10,27,L 1,15081,,,False,PHI,2007
38,"Mon, Jan 15, 2007",2:00p,,Box Score,,Toronto Raptors,L,,86,104,10,28,L 2,12380,,,False,PHI,2007
39,"Wed, Jan 17, 2007",8:00p,,Box Score,@,Memphis Grizzlies,L,,102,118,10,29,L 3,14681,,,False,PHI,2007
40,"Fri, Jan 19, 2007",7:00p,,Box Score,,Miami Heat,W,OT,98,95,11,29,W 1,17569,,,False,PHI,2007
41,"Sun, Jan 21, 2007",6:00p,,Box Score,,San Antonio Spurs,L,,85,99,11,30,L 1,14883,,,False,PHI,2007
42,"Tue, Jan 23, 2007",7:00p,,Box Score,,New Orleans/Oklahoma City Hornets,W,,102,96,12,30,W 1,12328,,,False,PHI,2007
43,"Wed, Jan 24, 2007",7:00p,,Box Score,@,Cleveland Cavaliers,W,2OT,118,115,13,30,W 2,20562,,,False,PHI,2007
44,"Fri, Jan 26, 2007",7:00p,,Box Score,,Cleveland Cavaliers,L,,97,105,13,31,L 1,19523,,,False,PHI,2007
45,"Sat, Jan 27, 2007",7:00p,,Box Score,@,Atlanta Hawks,W,,104,89,14,31,W 1,17531,,,False,PHI,2007
46,"Mon, Jan 29, 2007",8:30p,,Box Score,@,Houston Rockets,L,,84,105,14,32,L 1,14216,,,False,PHI,2007
47,"Wed, Jan 31, 2007",8:00p,,Box Score,@,New Orleans/Oklahoma City Hornets,W,,89,78,15,32,W 1,16958,,,False,PHI,2007
48,"Fri, Feb 2, 2007",7:00p,,Box Score,,Golden State Warriors,L,,101,102,15,33,L 1,12768,,,False,PHI,2007
49,"Mon, Feb 5, 2007",7:00p,,Box Score,,New Jersey Nets,W,OT,100,98,16,33,W 1,12251,,,False,PHI,2007
50,"Wed, Feb 7, 2007",7:00p,,Box Score,,Charlotte Bobcats,W,,92,83,17,33,W 2,11027,,,False,PHI,2007
51,"Fri, Feb 9, 2007",7:00p,,Box Score,,Los Angeles Clippers,L,,89,90,17,34,L 1,13696,,,False,PHI,2007
52,"Sun, Feb 11, 2007",6:00p,,Box Score,,Dallas Mavericks,L,,89,106,17,35,L 2,13673,,,False,PHI,2007
53,"Wed, Feb 14, 2007",7:00p,,Box Score,,Washington Wizards,L,,85,92,17,36,L 3,10744,,,False,PHI,2007
54,"Wed, Feb 21, 2007",7:00p,,Box Score,,New York Knicks,W,,104,84,18,36,W 1,13712,,,False,PHI,2007
55,"Fri, Feb 23, 2007",7:00p,,Box Score,@,Charlotte Bobcats,L,,87,102,18,37,L 1,15781,,,False,PHI,2007
56,"Sat, Feb 24, 2007",8:30p,,Box Score,@,Milwaukee Bucks,L,,90,109,18,38,L 2,16978,,,False,PHI,2007
57,"Mon, Feb 26, 2007",7:00p,,Box Score,,Sacramento Kings,W,,89,82,19,38,W 1,11034,,,False,PHI,2007
58,"Wed, Feb 28, 2007",7:00p,,Box Score,,Phoenix Suns,W,,99,94,20,38,W 2,15914,,,False,PHI,2007
59,"Fri, Mar 2, 2007",7:00p,,Box Score,,Memphis Grizzlies,W,OT,117,112,21,38,W 3,16314,,,False,PHI,2007
60,"Sun, Mar 4, 2007",6:00p,,Box Score,,New Jersey Nets,W,,99,86,22,38,W 4,11790,,,False,PHI,2007
61,"Wed, Mar 7, 2007",7:00p,,Box Score,,Seattle SuperSonics,W,,92,89,23,38,W 5,12902,,,False,PHI,2007
62,"Fri, Mar 9, 2007",7:00p,,Box Score,,Los Angeles Lakers,W,,108,92,24,38,W 6,20577,,,False,PHI,2007
63,"Sat, Mar 10, 2007",7:00p,,Box Score,@,Indiana Pacers,W,,100,96,25,38,W 7,14552,,,False,PHI,2007
64,"Tue, Mar 13, 2007",7:00p,,Box Score,@,Atlanta Hawks,L,,92,104,25,39,L 1,11066,,,False,PHI,2007
65,"Wed, Mar 14, 2007",7:00p,,Box Score,,Chicago Bulls,L,,87,88,25,40,L 2,14855,,,False,PHI,2007
66,"Fri, Mar 16, 2007",7:00p,,Box Score,,Utah Jazz,W,,89,88,26,40,W 1,17117,,,False,PHI,2007
67,"Sun, Mar 18, 2007",6:00p,,Box Score,,Houston Rockets,L,,74,124,26,41,L 1,17872,,,False,PHI,2007
68,"Tue, Mar 20, 2007",7:30p,,Box Score,@,Detroit Pistons,L,,75,96,26,42,L 2,22076,,,False,PHI,2007
69,"Fri, Mar 23, 2007",7:00p,,Box Score,,Charlotte Bobcats,W,,106,97,27,42,W 1,17104,,,False,PHI,2007
70,"Sat, Mar 24, 2007",7:30p,,Box Score,@,Miami Heat,W,,93,85,28,42,W 2,19600,,,False,PHI,2007
71,"Wed, Mar 28, 2007",7:00p,,Box Score,@,Washington Wizards,L,,108,111,28,43,L 1,20173,,,False,PHI,2007
72,"Fri, Mar 30, 2007",7:00p,,Box Score,,Boston Celtics,W,,88,82,29,43,W 1,16213,2:22,,False,PHI,2007
73,"Sat, Mar 31, 2007",7:30p,,Box Score,@,New Jersey Nets,L,,82,86,29,44,L 1,16703,,,False,PHI,2007
74,"Wed, Apr 4, 2007",7:30p,,Box Score,@,New York Knicks,W,,92,90,30,44,W 1,19763,,,False,PHI,2007
75,"Fri, Apr 6, 2007",7:00p,,Box Score,,Toronto Raptors,L,,85,94,30,45,L 1,17566,,,False,PHI,2007
76,"Sun, Apr 8, 2007",7:30p,,Box Score,,Atlanta Hawks,W,OT,109,104,31,45,W 1,13925,,,False,PHI,2007
77,"Tue, Apr 10, 2007",7:00p,,Box Score,,Indiana Pacers,W,,90,86,32,45,W 2,18073,,,False,PHI,2007
78,"Wed, Apr 11, 2007",7:30p,,Box Score,@,Boston Celtics,W,,102,94,33,45,W 3,15008,2:11,,False,PHI,2007
79,"Sat, Apr 14, 2007",3:00p,,Box Score,,Orlando Magic,L,,87,104,33,46,L 1,18588,,,False,PHI,2007
80,"Sun, Apr 15, 2007",6:00p,,Box Score,@,Detroit Pistons,W,,102,91,34,46,W 1,22076,,,False,PHI,2007
81,"Tue, Apr 17, 2007",7:00p,,Box Score,,Cleveland Cavaliers,L,,92,98,34,47,L 1,17693,,,False,PHI,2007
82,"Wed, Apr 18, 2007",7:00p,,Box Score,@,Toronto Raptors,W,,122,119,35,47,W 1,19800,,,False,PHI,2007
